externalId,quantity,unitPrice
,,
EXT-0001,17,992.88
EXT-0002,80,454.23
EXT-0003,56,391.92
EXT-0004,97,519.55
EXT-0005,100,115.44
EXT-0006,90,997.78
EXT-0007,17,367.7
EXT-0008,40,515.42
EXT-0009,53,688.43
EXT-0010,49,131.43
EXT-0011,69,774.65
EXT-0012,22,60.61
EXT-0013,96,754.45
EXT-0014,95,188.98
EXT-0015,31,927.95
EXT-0016,19,604.7
EXT-0017,90,570.71
EXT-0018,77,499.77
EXT-0019,48,635.16
EXT-0020,15,393.88
EXT-0021,64,874.74
EXT-0022,2,452.06
EXT-0023,8,51.09
EXT-0024,88,857.1
EXT-0025,7,566.41
EXT-0026,11,824.62
EXT-0027,32,335.94
EXT-0028,10,146.37
EXT-0029,95,56.43
EXT-0030,55,331.31
EXT-0031,43,948.16
EXT-0032,23,895.06
EXT-0033,40,443.11
EXT-0034,25,285.84
EXT-0035,21,218.48
EXT-0036,65,988.65
EXT-0037,91,590.48
EXT-0038,74,945.53
EXT-0039,29,21.92
EXT-0040,60,353.53
EXT-0041,21,975.99
EXT-0042,50,640.95
EXT-0043,48,46.65
EXT-0044,62,338.28
EXT-0045,25,122.6
EXT-0046,99,747.93
EXT-0047,45,291.4
EXT-0048,2,655.94
EXT-0049,16,445.63
EXT-0050,65,31.4
EXT-0051,44,943.25
EXT-0052,37,462.83
EXT-0053,82,425.38
EXT-0054,20,877.92
EXT-0055,38,645.02
EXT-0056,4,247.57
EXT-0057,75,423.1
EXT-0058,63,898.43
EXT-0059,44,749.19
EXT-0060,83,411.28
EXT-0061,81,423.44
EXT-0062,18,152.85
EXT-0063,82,67.61
EXT-0064,26,48.94
EXT-0065,21,393.27
EXT-0066,12,226.75
EXT-0067,52,797.37
EXT-0068,88,965.54
EXT-0069,60,577.53
EXT-0070,55,675.81
EXT-0071,11,289.92
EXT-0072,61,347.1
EXT-0073,28,996.03
EXT-0074,38,514.5
EXT-0075,41,751.94
EXT-0076,64,150.02
EXT-0077,51,652.47
EXT-0078,85,249.37
EXT-0079,40,714.61
EXT-0080,87,886.51
EXT-0081,83,367.58
EXT-0082,99,233.15
EXT-0083,32,342.92
EXT-0084,28,239.57
EXT-0085,17,674.19
EXT-0086,58,544.55
EXT-0087,80,275.26
EXT-0088,22,32.25
EXT-0089,28,446.98
EXT-0090,62,399.4
EXT-0091,12,938.14
EXT-0092,24,191.16
EXT-0093,22,818.62
EXT-0094,48,551.05
EXT-0095,86,622.07
EXT-0096,98,973.16
EXT-0097,61,201.89
EXT-0098,10,744.55
EXT-0099,25,509.86
EXT-0100,11,430.89
EXT-0101,52,621.52
EXT-0102,68,736.95
,,
EXT-0103,87,67.1
EXT-0104,74,713.24
EXT-0105,39,351.86
EXT-0106,69,308.86
EXT-0107,17,793.2
EXT-0108,61,321.46
EXT-0109,83,816.23
EXT-0110,24,435.76
EXT-0111,54,312.68
EXT-0112,70,50.3
EXT-0113,29,840.62
EXT-0114,19,531.97
EXT-0115,41,41.43
EXT-0116,47,957.0
EXT-0117,51,857.07
EXT-0118,24,40.93
EXT-0119,67,540.89
EXT-0120,60,520.62
EXT-0121,46,609.9
EXT-0122,84,488.91
EXT-0123,82,712.51
EXT-0124,85,356.57
EXT-0125,51,347.75
EXT-0126,65,157.69
EXT-0127,20,707.26
EXT-0128,76,997.5
EXT-0129,88,508.5
EXT-0130,96,609.66
EXT-0131,29,106.47
EXT-0132,72,751.36
EXT-0133,71,402.3
EXT-0134,81,236.52
EXT-0135,80,662.42
EXT-0136,97,159.58
EXT-0137,66,37.6
EXT-0138,69,183.83
EXT-0139,75,83.12
EXT-0140,1,379.74
EXT-0141,50,302.75
EXT-0142,45,893.07
EXT-0143,49,386.37
EXT-0144,77,944.29
EXT-0145,15,447.94
EXT-0146,59,49.45
EXT-0147,4,545.8
EXT-0148,51,398.7
EXT-0149,71,292.69
EXT-0150,15,334.53
EXT-0151,88,575.38
EXT-0152,87,193.63
EXT-0153,63,258.57
EXT-0154,57,40.73
EXT-0155,50,272.29
EXT-0156,53,591.14
EXT-0157,49,850.36
EXT-0158,95,614.7
EXT-0159,3,947.32
EXT-0160,10,383.65
EXT-0161,99,733.85
EXT-0162,37,551.2
EXT-0163,71,349.47
EXT-0164,86,390.66
EXT-0165,45,686.33
EXT-0166,56,405.51
EXT-0167,22,454.39
EXT-0168,84,21.39
EXT-0169,41,847.61
EXT-0170,33,512.33
EXT-0171,30,94.89
EXT-0172,75,380.78
EXT-0173,64,314.35
EXT-0174,81,234.97
EXT-0175,24,2.17
EXT-0176,91,514.5
EXT-0177,6,438.7
EXT-0178,7,680.04
EXT-0179,53,536.38
EXT-0180,3,757.32
EXT-0181,15,494.2
EXT-0182,78,285.82
EXT-0183,75,423.92
EXT-0184,80,780.18
EXT-0185,93,957.34
EXT-0186,80,94.51
EXT-0187,70,562.95
EXT-0188,39,480.43
EXT-0189,21,217.28
EXT-0190,5,662.29
EXT-0191,50,743.18
EXT-0192,53,20.65
EXT-0193,31,278.55
EXT-0194,31,405.94
EXT-0195,21,165.73
EXT-0196,67,364.36
EXT-0197,82,387.47
EXT-0198,14,967.98
EXT-0199,92,32.51
EXT-0200,45,40.2
EXT-0201,12,123.22
EXT-0202,56,594.8
EXT-0203,4,639.41
EXT-0204,26,420.8
EXT-0205,53,615.28
EXT-0206,38,544.49
EXT-0207,50,390.67
EXT-0208,35,378.22
EXT-0209,76,724.41
EXT-0210,48,148.26
EXT-0211,5,782.68
EXT-0212,61,820.23
EXT-0213,23,690.3
EXT-0214,73,604.83
EXT-0215,3,79.97
EXT-0216,52,875.23
EXT-0217,18,849.89
EXT-0218,55,441.4
EXT-0219,75,600.58
EXT-0220,21,90.79
EXT-0221,30,814.3
EXT-0222,29,806.27
EXT-0223,44,881.81
EXT-0224,95,239.79
EXT-0225,46,673.8
EXT-0226,60,642.29
EXT-0227,5,226.63
EXT-0228,48,479.8
EXT-0229,16,882.3
EXT-0230,18,123.51
EXT-0231,71,927.85
EXT-0232,90,32.48
EXT-0233,48,13.12
EXT-0234,80,136.39
EXT-0235,80,218.28
EXT-0236,3,343.3
EXT-0237,78,994.79
EXT-0238,72,91.24
EXT-0239,56,840.08
EXT-0240,36,487.0
EXT-0241,70,664.43
EXT-0242,22,297.56
EXT-0243,46,126.32
EXT-0244,68,668.3
EXT-0245,30,200.27
EXT-0246,65,477.11
EXT-0247,16,413.03
EXT-0248,21,160.88
EXT-0249,48,513.6
EXT-0250,58,780.97
EXT-0251,98,990.69
EXT-0252,60,757.86
EXT-0253,13,790.25
EXT-0254,76,980.57
EXT-0255,14,61.66
EXT-0256,60,873.81
EXT-0257,58,283.49
EXT-0258,6,149.75
EXT-0259,55,560.25
EXT-0260,8,428.84
EXT-0261,66,766.42
EXT-0262,96,131.4
EXT-0263,4,747.86
EXT-0264,47,345.67
EXT-0265,25,910.58
EXT-0266,35,600.72
EXT-0267,22,749.35
EXT-0268,53,637.58
EXT-0269,69,371.75
EXT-0270,12,187.96
EXT-0271,75,199.13
EXT-0272,34,253.34
EXT-0273,30,145.35
EXT-0274,22,896.93
EXT-0275,73,578.07
EXT-0276,29,289.11
EXT-0277,44,800.34
EXT-0278,6,260.34
EXT-0279,84,971.43
EXT-0280,59,52.68
EXT-0281,42,854.78
EXT-0282,22,777.91
EXT-0283,57,782.29
EXT-0284,52,422.83
EXT-0285,50,925.72
EXT-0286,64,849.1
EXT-0287,23,828.63
EXT-0288,22,597.49
EXT-0289,40,854.0
EXT-0290,1,601.32
EXT-0291,14,352.92
EXT-0292,2,524.09
EXT-0293,67,915.27
EXT-0294,62,674.48
EXT-0295,70,500.3
EXT-0296,25,682.82
EXT-0297,12,684.64
EXT-0298,70,557.62
EXT-0299,22,476.27
EXT-0300,62,33.61
EXT-0301,68,863.07
EXT-0302,96,174.08
EXT-0303,7,977.92
EXT-0304,7,485.53
EXT-0305,51,15.05
EXT-0306,96,459.88
EXT-0307,4,710.08
EXT-0308,9,165.66
EXT-0309,59,482.58
EXT-0310,25,68.36
EXT-0311,50,468.99
EXT-0312,89,539.84
EXT-0313,80,27.85
EXT-0314,82,849.42
EXT-0315,31,504.29
EXT-0316,6,886.28
EXT-0317,3,891.6
EXT-0318,31,346.54
EXT-0319,41,841.01
EXT-0320,73,344.13
EXT-0321,66,736.98
EXT-0322,91,655.47
EXT-0323,11,23.24
EXT-0324,7,882.42
EXT-0325,13,306.66
EXT-0326,30,982.67
EXT-0327,81,784.97
EXT-0328,71,321.44
EXT-0329,41,82.9
EXT-0330,97,173.4
EXT-0331,49,432.29
EXT-0332,94,528.39
EXT-0333,47,161.66
EXT-0334,82,997.56
EXT-0335,94,359.9
EXT-0336,41,639.19
EXT-0337,80,493.32
EXT-0338,55,169.35
EXT-0339,15,428.45
EXT-0340,7,805.63
EXT-0341,30,163.62
EXT-0342,94,571.88
EXT-0343,19,652.72
EXT-0344,24,180.88
EXT-0345,94,600.67
EXT-0346,81,717.71
EXT-0347,77,166.88
EXT-0348,95,687.31
EXT-0349,17,615.09
EXT-0350,18,609.97
EXT-0351,77,96.59
EXT-0352,92,678.29
EXT-0353,19,555.22
EXT-0354,5,739.23
EXT-0355,85,903.97
EXT-0356,96,93.31
EXT-0357,57,561.04
EXT-0358,89,51.48
EXT-0359,21,621.73
EXT-0360,66,631.04
EXT-0361,8,894.94
EXT-0362,94,958.29
EXT-0363,39,109.83
EXT-0364,20,163.84
EXT-0365,1,341.01
EXT-0366,25,982.0
EXT-0367,42,322.92
EXT-0368,58,661.56
EXT-0369,72,306.51
EXT-0370,4,118.61
EXT-0371,86,789.82
EXT-0372,33,461.59
EXT-0373,83,738.81
EXT-0374,86,422.96
EXT-0375,73,107.87
EXT-0376,62,416.29
EXT-0377,41,546.54
EXT-0378,53,250.56
EXT-0379,97,361.5
EXT-0380,100,892.55
EXT-0381,100,964.84
EXT-0382,47,160.54
EXT-0383,44,568.81
EXT-0384,18,138.4
EXT-0385,29,17.41
EXT-0386,9,263.83
EXT-0387,63,410.12
EXT-0388,60,920.83
EXT-0389,53,352.6
EXT-0390,90,516.93
EXT-0391,86,760.31
EXT-0392,42,925.43
EXT-0393,55,359.52
EXT-0394,91,487.34
EXT-0395,7,896.07
EXT-0396,80,686.24
EXT-0397,23,942.52
EXT-0398,1,31.02
EXT-0399,79,338.82
EXT-0400,74,608.97
EXT-0401,97,965.57
EXT-0402,22,113.67
EXT-0403,31,791.58
EXT-0404,50,459.09
EXT-0405,52,761.26
EXT-0406,9,682.36
EXT-0407,94,311.51
EXT-0408,81,646.17
EXT-0409,22,78.53
EXT-0410,57,625.0
EXT-0411,15,326.67
EXT-0412,47,734.32
EXT-0413,46,134.78
EXT-0414,63,498.57
EXT-0415,75,715.93
EXT-0416,11,751.7
EXT-0417,89,559.26
EXT-0418,88,921.31
EXT-0419,23,181.39
EXT-0420,45,763.7
EXT-0421,9,533.0
EXT-0422,18,995.04
EXT-0423,41,572.18
EXT-0424,44,261.09
EXT-0425,20,726.07
EXT-0426,75,511.63
EXT-0427,38,68.16
EXT-0428,71,634.48
EXT-0429,62,592.81
EXT-0430,84,925.33
EXT-0431,16,172.83
EXT-0432,35,522.88
EXT-0433,92,304.91
EXT-0434,25,113.56
EXT-0435,73,756.73
EXT-0436,77,808.08
EXT-0437,39,900.33
EXT-0438,21,920.47
EXT-0439,95,269.45
EXT-0440,41,374.75
EXT-0441,50,824.24
EXT-0442,55,399.09
EXT-0443,79,3.25
EXT-0444,40,432.78
EXT-0445,5,314.28
EXT-0446,4,126.31
EXT-0447,76,152.38
EXT-0448,11,325.38
EXT-0449,32,225.3
EXT-0450,55,430.1
EXT-0451,98,875.53
EXT-0452,47,217.03
EXT-0453,55,437.35
EXT-0454,2,159.92
EXT-0455,22,706.77
EXT-0456,11,412.07
EXT-0457,67,471.73
EXT-0458,25,994.65
EXT-0459,97,803.54
EXT-0460,70,693.52
EXT-0461,29,449.5
EXT-0462,44,62.31
EXT-0463,51,47.54
EXT-0464,3,613.0
EXT-0465,6,898.62
EXT-0466,38,315.32
EXT-0467,59,566.8
EXT-0468,79,443.43
EXT-0469,67,132.36
EXT-0470,27,583.39
EXT-0471,64,842.46
EXT-0472,20,124.33
EXT-0473,21,289.3
EXT-0474,19,473.21
EXT-0475,38,143.1
EXT-0476,62,639.14
EXT-0477,14,792.54
EXT-0478,31,878.55
EXT-0479,100,941.05
EXT-0480,93,398.01
EXT-0481,29,802.77
EXT-0482,76,265.43
EXT-0483,2,478.66
EXT-0484,95,536.25
EXT-0485,60,703.69
EXT-0486,66,35.58
EXT-0487,51,539.51
EXT-0488,26,447.38
EXT-0489,79,245.9
EXT-0490,91,120.36
EXT-0491,13,605.33
EXT-0492,21,482.14
EXT-0493,42,814.7
EXT-0494,85,511.16
EXT-0495,81,799.22
EXT-0496,64,329.05
EXT-0497,88,632.5
EXT-0498,6,366.2
EXT-0499,50,755.46
EXT-0500,7,106.5
EXT-0501,83,666.93
EXT-0502,49,188.89
EXT-0503,40,794.19
EXT-0504,53,365.3
EXT-0505,24,586.7
EXT-0506,18,939.67
EXT-0507,22,24.7
EXT-0508,75,943.18
EXT-0509,100,455.9
EXT-0510,7,59.46
EXT-0511,33,113.91
EXT-0512,47,889.22
EXT-0513,30,138.24
EXT-0514,83,638.42
EXT-0515,20,576.67
EXT-0516,52,711.19
EXT-0517,66,730.05
EXT-0518,5,281.57
EXT-0519,69,95.66
EXT-0520,9,115.23
EXT-0521,78,6.58
EXT-0522,15,527.35
EXT-0523,42,855.95
EXT-0524,100,803.59
EXT-0525,10,463.4
EXT-0526,26,533.36
EXT-0527,63,34.94
EXT-0528,15,884.23
EXT-0529,26,599.76
EXT-0530,39,466.22
EXT-0531,5,299.13
EXT-0532,28,82.17
EXT-0533,17,865.13
EXT-0534,95,329.09
EXT-0535,25,287.06
EXT-0536,58,604.03
EXT-0537,30,386.74
EXT-0538,80,974.0
EXT-0539,38,553.79
EXT-0540,61,672.28
EXT-0541,22,594.17
EXT-0542,84,836.98
EXT-0543,68,650.82
EXT-0544,39,901.71
EXT-0545,71,640.35
EXT-0546,21,838.27
EXT-0547,4,92.18
EXT-0548,28,626.38
EXT-0549,37,915.42
EXT-0550,17,962.19
,,
EXT-0551,61,733.97
EXT-0552,26,294.95
EXT-0553,59,396.37
EXT-0554,97,897.3
EXT-0555,16,994.61
EXT-0556,96,731.63
EXT-0557,98,38.81
EXT-0558,65,595.59
EXT-0559,58,530.8
EXT-0560,34,212.05
EXT-0561,4,622.73
EXT-0562,6,629.12
EXT-0563,58,369.23
EXT-0564,34,378.54
EXT-0565,70,552.98
EXT-0566,23,59.76
EXT-0567,22,386.26
EXT-0568,17,110.52
EXT-0569,12,414.1
EXT-0570,6,632.34
EXT-0571,61,390.38
EXT-0572,52,587.55
EXT-0573,46,41.02
EXT-0574,36,340.36
EXT-0575,93,782.5
EXT-0576,21,77.0
EXT-0577,15,200.39
EXT-0578,28,82.75
EXT-0579,83,781.33
EXT-0580,34,89.92
EXT-0581,8,608.66
EXT-0582,95,803.65
EXT-0583,33,411.34
EXT-0584,75,325.88
EXT-0585,67,921.87
EXT-0586,78,920.39
EXT-0587,91,370.38
EXT-0588,20,850.74
EXT-0589,3,913.31
EXT-0590,84,891.55
EXT-0591,43,565.45
EXT-0592,60,865.53
EXT-0593,34,979.32
EXT-0594,76,146.78
EXT-0595,20,589.45
EXT-0596,3,493.09
EXT-0597,55,414.08
EXT-0598,98,864.6
EXT-0599,16,290.0
EXT-0600,69,83.22
EXT-0601,84,418.52
EXT-0602,1,790.95
EXT-0603,44,307.45
EXT-0604,81,722.82
EXT-0605,88,986.54
EXT-0606,28,41.8
EXT-0607,83,390.88
EXT-0608,77,416.67
EXT-0609,6,981.96
EXT-0610,89,632.52
EXT-0611,41,659.03
EXT-0612,13,379.25
EXT-0613,32,733.96
EXT-0614,94,89.1
EXT-0615,2,433.37
EXT-0616,25,351.3
EXT-0617,53,328.96
EXT-0618,91,108.77
EXT-0619,5,953.59
EXT-0620,14,381.78
EXT-0621,1,416.99
EXT-0622,87,447.27
EXT-0623,77,368.6
,,
EXT-0624,28,726.23
EXT-0625,42,871.81
EXT-0626,15,817.67
EXT-0627,47,67.93
EXT-0628,63,644.22
EXT-0629,48,422.34
EXT-0630,65,513.82
EXT-0631,92,120.3
EXT-0632,4,972.23
EXT-0633,19,300.78
EXT-0634,68,597.11
EXT-0635,34,876.88
EXT-0636,73,758.46
EXT-0637,96,276.07
EXT-0638,91,955.5
EXT-0639,29,4.82
EXT-0640,21,111.9
EXT-0641,72,946.64
EXT-0642,98,420.46
EXT-0643,2,742.3
EXT-0644,78,619.07
EXT-0645,27,972.63
EXT-0646,26,398.11
EXT-0647,17,158.12
EXT-0648,52,775.89
EXT-0649,62,325.3
EXT-0650,52,880.25
,,
EXT-0651,30,984.84
EXT-0652,67,739.67
EXT-0653,14,361.77
EXT-0654,4,433.54
EXT-0655,97,759.97
EXT-0656,10,50.81
EXT-0657,37,766.55
EXT-0658,86,101.58
EXT-0659,2,131.52
EXT-0660,67,886.96
EXT-0661,40,30.12
EXT-0662,100,173.74
EXT-0663,36,885.51
EXT-0664,53,99.5
EXT-0665,68,451.72
EXT-0666,19,392.95
EXT-0667,91,371.24
EXT-0668,70,147.73
EXT-0669,76,775.65
EXT-0670,27,727.01
EXT-0671,23,134.41
EXT-0672,8,253.84
EXT-0673,55,445.0
EXT-0674,39,385.87
EXT-0675,34,394.68
EXT-0676,14,317.97
EXT-0677,3,511.04
EXT-0678,71,946.51
EXT-0679,21,144.35
EXT-0680,30,379.77
EXT-0681,39,308.15
EXT-0682,59,899.72
EXT-0683,1,180.85
EXT-0684,90,133.82
EXT-0685,20,538.47
EXT-0686,66,46.04
EXT-0687,37,822.74
EXT-0688,60,697.73
EXT-0689,78,646.74
EXT-0690,43,678.78
EXT-0691,15,144.42
EXT-0692,71,49.16
EXT-0693,84,641.31
EXT-0694,63,314.65
EXT-0695,97,339.47
EXT-0696,88,628.11
EXT-0697,33,859.28
EXT-0698,45,800.92
EXT-0699,58,178.43
EXT-0700,1,964.55
EXT-0701,1,445.04
EXT-0702,52,981.47
EXT-0703,98,749.76
EXT-0704,53,720.4
EXT-0705,71,263.7
EXT-0706,21,978.87
EXT-0707,79,525.57
EXT-0708,30,494.35
EXT-0709,42,108.03
EXT-0710,49,386.85
EXT-0711,95,774.78
EXT-0712,97,102.45
EXT-0713,88,163.21
EXT-0714,25,45.6
EXT-0715,76,763.07
EXT-0716,14,210.54
EXT-0717,26,660.47
EXT-0718,90,599.21
EXT-0719,50,65.2
EXT-0720,47,42.28
EXT-0721,50,441.18
EXT-0722,99,97.97
EXT-0723,67,918.61
EXT-0724,40,745.57
EXT-0725,75,636.97
EXT-0726,21,864.9
EXT-0727,72,524.32
EXT-0728,47,18.62
EXT-0729,62,242.23
EXT-0730,50,258.98
EXT-0731,60,194.32
EXT-0732,82,590.73
EXT-0733,77,744.45
EXT-0734,25,314.89
EXT-0735,98,287.33
EXT-0736,48,388.9
EXT-0737,43,795.18
EXT-0738,7,966.71
EXT-0739,35,773.53
EXT-0740,48,674.97
EXT-0741,84,388.89
EXT-0742,65,227.01
EXT-0743,81,309.14
EXT-0744,21,89.58
EXT-0745,86,113.9
EXT-0746,62,495.34
EXT-0747,34,876.6
EXT-0748,76,92.78
EXT-0749,8,74.96
EXT-0750,31,193.62
EXT-0751,41,642.09
EXT-0752,62,169.84
EXT-0753,44,386.23
EXT-0754,94,631.8
EXT-0755,97,565.39
EXT-0756,95,410.92
EXT-0757,21,234.02
EXT-0758,73,491.41
EXT-0759,5,472.71
EXT-0760,11,582.15
EXT-0761,69,496.92
EXT-0762,58,135.44
EXT-0763,62,255.68
,,
EXT-0764,92,7.16
EXT-0765,21,964.29
EXT-0766,83,931.26
EXT-0767,13,123.03
EXT-0768,5,311.2
EXT-0769,99,550.53
EXT-0770,8,634.77
EXT-0771,58,695.13
EXT-0772,88,723.22
EXT-0773,78,570.6
EXT-0774,1,996.71
EXT-0775,90,49.07
EXT-0776,46,259.89
EXT-0777,58,773.57
EXT-0778,19,102.75
EXT-0779,35,141.47
EXT-0780,73,458.12
EXT-0781,64,897.68
EXT-0782,2,762.03
EXT-0783,81,176.53
EXT-0784,90,575.81
EXT-0785,44,784.27
EXT-0786,89,44.39
EXT-0787,19,634.62
EXT-0788,63,141.36
EXT-0789,2,870.91
EXT-0790,98,644.49
EXT-0791,62,396.01
EXT-0792,1,105.33
EXT-0793,7,595.66
EXT-0794,76,898.36
EXT-0795,84,876.2
EXT-0796,30,283.48
EXT-0797,26,10.93
EXT-0798,75,721.06
EXT-0799,83,661.32
EXT-0800,2,951.56
EXT-0801,44,493.82
EXT-0802,63,470.57
EXT-0803,80,24.55
EXT-0804,96,372.65
EXT-0805,69,644.15
EXT-0806,3,739.38
EXT-0807,93,336.89
EXT-0808,81,815.74
EXT-0809,38,822.35
EXT-0810,60,875.44
EXT-0811,19,490.23
EXT-0812,47,517.53
EXT-0813,43,620.4
EXT-0814,30,331.61
EXT-0815,68,98.2
EXT-0816,34,703.97
EXT-0817,53,736.63
EXT-0818,44,561.56
EXT-0819,29,285.54
EXT-0820,41,984.96
EXT-0821,59,864.11
EXT-0822,45,96.34
EXT-0823,6,930.52
EXT-0824,2,396.54
EXT-0825,79,847.35
EXT-0826,79,701.78
EXT-0827,90,284.5
EXT-0828,97,222.52
EXT-0829,83,615.54
EXT-0830,81,606.68
EXT-0831,91,953.2
EXT-0832,55,380.12
EXT-0833,7,638.7
EXT-0834,45,517.49
EXT-0835,72,783.04
EXT-0836,36,341.55
EXT-0837,6,525.16
EXT-0838,95,767.69
EXT-0839,25,143.59
EXT-0840,68,211.1
EXT-0841,16,661.66
EXT-0842,40,359.41
EXT-0843,98,812.09
EXT-0844,86,540.98
EXT-0845,97,294.45
EXT-0846,27,54.26
EXT-0847,7,620.26
EXT-0848,64,439.81
EXT-0849,57,17.31
EXT-0850,79,202.76
EXT-0851,53,842.13
EXT-0852,62,553.2
EXT-0853,43,690.82
EXT-0854,86,653.55
EXT-0855,82,455.32
EXT-0856,37,982.38
EXT-0857,95,542.53
EXT-0858,49,39.12
EXT-0859,73,656.38
EXT-0860,10,194.17
EXT-0861,85,518.9
EXT-0862,16,246.35
EXT-0863,61,150.68
EXT-0864,94,768.03
EXT-0865,96,481.81
EXT-0866,50,523.88
EXT-0867,16,531.34
EXT-0868,45,456.5
EXT-0869,82,10.87
EXT-0870,32,12.06
EXT-0871,26,747.06
EXT-0872,4,880.47
EXT-0873,7,424.84
EXT-0874,59,852.33
EXT-0875,58,125.47
EXT-0876,34,295.27
EXT-0877,83,548.55
EXT-0878,43,743.27
EXT-0879,75,844.9
EXT-0880,15,716.78
EXT-0881,1,597.48
EXT-0882,62,859.08
EXT-0883,9,141.94
EXT-0884,81,357.88
EXT-0885,20,229.55
EXT-0886,30,564.66
EXT-0887,77,71.82
EXT-0888,100,948.71
EXT-0889,13,881.85
EXT-0890,78,442.56
EXT-0891,64,411.19
EXT-0892,42,240.1
EXT-0893,2,329.47
EXT-0894,66,916.28
EXT-0895,49,861.64
EXT-0896,35,317.98
EXT-0897,67,510.54
EXT-0898,43,158.1
EXT-0899,34,764.51
EXT-0900,14,794.34
EXT-0901,24,848.83
EXT-0902,10,396.18
EXT-0903,50,362.6
EXT-0904,98,250.19
EXT-0905,30,980.47
EXT-0906,69,879.16
EXT-0907,89,927.52
EXT-0908,73,899.27
EXT-0909,18,135.84
EXT-0910,52,940.98
EXT-0911,90,526.55
EXT-0912,98,501.71
EXT-0913,82,49.24
EXT-0914,68,492.91
EXT-0915,99,216.76
EXT-0916,34,743.97
EXT-0917,37,516.21
EXT-0918,89,337.13
EXT-0919,98,113.38
EXT-0920,43,314.88
EXT-0921,33,299.47
EXT-0922,77,526.3
EXT-0923,85,876.57
EXT-0924,22,908.7
EXT-0925,40,16.05
EXT-0926,29,394.1
EXT-0927,65,801.35
EXT-0928,65,979.72
EXT-0929,49,82.02
EXT-0930,96,994.85
EXT-0931,10,306.2
EXT-0932,48,630.28
EXT-0933,71,928.36
EXT-0934,69,865.88
EXT-0935,87,432.41
EXT-0936,26,869.32
EXT-0937,16,34.74
EXT-0938,100,572.53
EXT-0939,45,698.49
EXT-0940,60,793.79
EXT-0941,76,892.58
EXT-0942,25,23.31
EXT-0943,8,276.74
EXT-0944,89,464.45
EXT-0945,33,29.92
EXT-0946,74,354.78
EXT-0947,71,566.19
EXT-0948,78,937.37
EXT-0949,88,281.92
EXT-0950,86,570.23
EXT-0951,68,581.11
EXT-0952,56,763.36
EXT-0953,5,264.64
EXT-0954,79,222.79
EXT-0955,20,974.84
EXT-0956,67,141.11
EXT-0957,6,159.25
EXT-0958,39,305.05
EXT-0959,22,631.64
EXT-0960,48,536.3
EXT-0961,29,804.38
EXT-0962,18,643.02
EXT-0963,70,100.16
EXT-0964,85,539.71
EXT-0965,80,204.77
EXT-0966,11,134.59
EXT-0967,17,849.73
EXT-0968,26,114.79
EXT-0969,34,983.94
EXT-0970,45,555.01
EXT-0971,31,222.98
EXT-0972,67,205.06
EXT-0973,88,422.73
EXT-0974,100,961.51
EXT-0975,74,830.07
EXT-0976,24,172.52
EXT-0977,38,975.74
EXT-0978,94,475.42
EXT-0979,9,668.06
EXT-0980,32,8.69
EXT-0981,50,914.43
EXT-0982,44,820.06
EXT-0983,29,144.37
EXT-0984,72,624.2
EXT-0985,40,845.96
EXT-0986,15,802.78
EXT-0987,47,467.67
EXT-0988,88,285.17
EXT-0989,71,909.23
EXT-0990,4,569.63
EXT-0991,68,215.55
EXT-0992,43,776.52
EXT-0993,79,185.6
EXT-0994,83,576.92
EXT-0995,5,547.32
EXT-0996,12,903.8
EXT-0997,69,755.71
EXT-0998,53,596.96
EXT-0999,69,697.55
EXT-1000,73,725.74
EXT-DUP-001,1,10.0
EXT-DUP-001,2,20.0
EXT-DUP-002,1,10.0
EXT-DUP-002,2,20.0
EXT-DUP-003,1,10.0
EXT-DUP-003,2,20.0
EXT-DUP-004,1,10.0
EXT-DUP-004,2,20.0
EXT-DUP-005,1,10.0
EXT-DUP-005,2,20.0
EXT-DUP-006,1,10.0
EXT-DUP-006,2,20.0
EXT-DUP-007,1,10.0
EXT-DUP-007,2,20.0
EXT-DUP-008,1,10.0
EXT-DUP-008,2,20.0
EXT-DUP-009,1,10.0
EXT-DUP-009,2,20.0
EXT-DUP-010,1,10.0
EXT-DUP-010,2,20.0
EXT-DUP-011,1,10.0
EXT-DUP-011,2,20.0
EXT-DUP-012,1,10.0
EXT-DUP-012,2,20.0
EXT-DUP-013,1,10.0
EXT-DUP-013,2,20.0
EXT-DUP-014,1,10.0
EXT-DUP-014,2,20.0
EXT-DUP-015,1,10.0
EXT-DUP-015,2,20.0
EXT-DUP-016,1,10.0
EXT-DUP-016,2,20.0
EXT-DUP-017,1,10.0
EXT-DUP-017,2,20.0
EXT-DUP-018,1,10.0
EXT-DUP-018,2,20.0
EXT-DUP-019,1,10.0
EXT-DUP-019,2,20.0
EXT-DUP-020,1,10.0
EXT-DUP-020,2,20.0
EXT-DUP-021,1,10.0
EXT-DUP-021,2,20.0
EXT-DUP-022,1,10.0
EXT-DUP-022,2,20.0
EXT-DUP-023,1,10.0
EXT-DUP-023,2,20.0
EXT-DUP-024,1,10.0
EXT-DUP-024,2,20.0
EXT-DUP-025,1,10.0
EXT-DUP-025,2,20.0
EXT-DUP-026,1,10.0
EXT-DUP-026,2,20.0
EXT-DUP-027,1,10.0
EXT-DUP-027,2,20.0
EXT-DUP-028,1,10.0
EXT-DUP-028,2,20.0
EXT-DUP-029,1,10.0
EXT-DUP-029,2,20.0
EXT-DUP-030,1,10.0
EXT-DUP-030,2,20.0
EXT-DUP-031,1,10.0
EXT-DUP-031,2,20.0
EXT-DUP-032,1,10.0
EXT-DUP-032,2,20.0
EXT-DUP-033,1,10.0
EXT-DUP-033,2,20.0
EXT-DUP-034,1,10.0
EXT-DUP-034,2,20.0
EXT-DUP-035,1,10.0
EXT-DUP-035,2,20.0
EXT-DUP-036,1,10.0
EXT-DUP-036,2,20.0
EXT-DUP-037,1,10.0
EXT-DUP-037,2,20.0
EXT-DUP-038,1,10.0
EXT-DUP-038,2,20.0
EXT-DUP-039,1,10.0
EXT-DUP-039,2,20.0
EXT-DUP-040,1,10.0
EXT-DUP-040,2,20.0
EXT-DUP-041,1,10.0
EXT-DUP-041,2,20.0
EXT-DUP-042,1,10.0
EXT-DUP-042,2,20.0
EXT-DUP-043,1,10.0
EXT-DUP-043,2,20.0
EXT-DUP-044,1,10.0
EXT-DUP-044,2,20.0
EXT-DUP-045,1,10.0
EXT-DUP-045,2,20.0
EXT-DUP-046,1,10.0
EXT-DUP-046,2,20.0
EXT-DUP-047,1,10.0
EXT-DUP-047,2,20.0
EXT-DUP-048,1,10.0
EXT-DUP-048,2,20.0
EXT-DUP-049,1,10.0
EXT-DUP-049,2,20.0
EXT-DUP-050,1,10.0
EXT-DUP-050,2,20.0
EXT-QTY-ZERO-001,0,10.0
EXT-QTY-ZERO-002,0,10.0
EXT-QTY-ZERO-003,0,10.0
EXT-QTY-ZERO-004,0,10.0
EXT-QTY-ZERO-005,0,10.0
EXT-QTY-ZERO-006,0,10.0
EXT-QTY-ZERO-007,0,10.0
EXT-QTY-ZERO-008,0,10.0
EXT-QTY-ZERO-009,0,10.0
EXT-QTY-ZERO-010,0,10.0
EXT-QTY-ZERO-011,0,10.0
EXT-QTY-ZERO-012,0,10.0
EXT-QTY-ZERO-013,0,10.0
EXT-QTY-ZERO-014,0,10.0
EXT-QTY-ZERO-015,0,10.0
EXT-QTY-ZERO-016,0,10.0
EXT-QTY-ZERO-017,0,10.0
EXT-QTY-ZERO-018,0,10.0
EXT-QTY-ZERO-019,0,10.0
EXT-QTY-ZERO-020,0,10.0
EXT-QTY-ZERO-021,0,10.0
EXT-QTY-ZERO-022,0,10.0
EXT-QTY-ZERO-023,0,10.0
EXT-QTY-ZERO-024,0,10.0
EXT-QTY-ZERO-025,0,10.0
EXT-QTY-ZERO-026,0,10.0
EXT-QTY-ZERO-027,0,10.0
EXT-QTY-ZERO-028,0,10.0
EXT-QTY-ZERO-029,0,10.0
EXT-QTY-ZERO-030,0,10.0
EXT-QTY-ZERO-031,0,10.0
EXT-QTY-ZERO-032,0,10.0
EXT-QTY-ZERO-033,0,10.0
EXT-QTY-ZERO-034,0,10.0
EXT-QTY-ZERO-035,0,10.0
EXT-QTY-ZERO-036,0,10.0
EXT-QTY-ZERO-037,0,10.0
EXT-QTY-ZERO-038,0,10.0
EXT-QTY-ZERO-039,0,10.0
EXT-QTY-ZERO-040,0,10.0
EXT-QTY-ZERO-041,0,10.0
EXT-QTY-ZERO-042,0,10.0
EXT-QTY-ZERO-043,0,10.0
EXT-QTY-ZERO-044,0,10.0
EXT-QTY-ZERO-045,0,10.0
EXT-QTY-ZERO-046,0,10.0
EXT-QTY-ZERO-047,0,10.0
EXT-QTY-ZERO-048,0,10.0
EXT-QTY-ZERO-049,0,10.0
EXT-QTY-ZERO-050,0,10.0
EXT-QTY-NEG-001,-5,10.0
EXT-QTY-NEG-002,-5,10.0
EXT-QTY-NEG-003,-5,10.0
EXT-QTY-NEG-004,-5,10.0
EXT-QTY-NEG-005,-5,10.0
EXT-QTY-NEG-006,-5,10.0
EXT-QTY-NEG-007,-5,10.0
EXT-QTY-NEG-008,-5,10.0
EXT-QTY-NEG-009,-5,10.0
EXT-QTY-NEG-010,-5,10.0
EXT-QTY-NEG-011,-5,10.0
EXT-QTY-NEG-012,-5,10.0
EXT-QTY-NEG-013,-5,10.0
EXT-QTY-NEG-014,-5,10.0
EXT-QTY-NEG-015,-5,10.0
EXT-QTY-NEG-016,-5,10.0
EXT-QTY-NEG-017,-5,10.0
EXT-QTY-NEG-018,-5,10.0
EXT-QTY-NEG-019,-5,10.0
EXT-QTY-NEG-020,-5,10.0
EXT-QTY-NEG-021,-5,10.0
EXT-QTY-NEG-022,-5,10.0
EXT-QTY-NEG-023,-5,10.0
EXT-QTY-NEG-024,-5,10.0
EXT-QTY-NEG-025,-5,10.0
EXT-QTY-NEG-026,-5,10.0
EXT-QTY-NEG-027,-5,10.0
EXT-QTY-NEG-028,-5,10.0
EXT-QTY-NEG-029,-5,10.0
EXT-QTY-NEG-030,-5,10.0
EXT-QTY-NEG-031,-5,10.0
EXT-QTY-NEG-032,-5,10.0
EXT-QTY-NEG-033,-5,10.0
EXT-QTY-NEG-034,-5,10.0
EXT-QTY-NEG-035,-5,10.0
EXT-QTY-NEG-036,-5,10.0
EXT-QTY-NEG-037,-5,10.0
EXT-QTY-NEG-038,-5,10.0
EXT-QTY-NEG-039,-5,10.0
EXT-QTY-NEG-040,-5,10.0
EXT-QTY-NEG-041,-5,10.0
EXT-QTY-NEG-042,-5,10.0
EXT-QTY-NEG-043,-5,10.0
EXT-QTY-NEG-044,-5,10.0
EXT-QTY-NEG-045,-5,10.0
EXT-QTY-NEG-046,-5,10.0
EXT-QTY-NEG-047,-5,10.0
EXT-QTY-NEG-048,-5,10.0
EXT-QTY-NEG-049,-5,10.0
EXT-QTY-NEG-050,-5,10.0
EXT-PRICE-NEG-001,1,-1.0
EXT-PRICE-NEG-002,1,-1.0
EXT-PRICE-NEG-003,1,-1.0
EXT-PRICE-NEG-004,1,-1.0
EXT-PRICE-NEG-005,1,-1.0
EXT-PRICE-NEG-006,1,-1.0
EXT-PRICE-NEG-007,1,-1.0
EXT-PRICE-NEG-008,1,-1.0
EXT-PRICE-NEG-009,1,-1.0
EXT-PRICE-NEG-010,1,-1.0
EXT-PRICE-NEG-011,1,-1.0
EXT-PRICE-NEG-012,1,-1.0
EXT-PRICE-NEG-013,1,-1.0
EXT-PRICE-NEG-014,1,-1.0
EXT-PRICE-NEG-015,1,-1.0
EXT-PRICE-NEG-016,1,-1.0
EXT-PRICE-NEG-017,1,-1.0
EXT-PRICE-NEG-018,1,-1.0
EXT-PRICE-NEG-019,1,-1.0
EXT-PRICE-NEG-020,1,-1.0
EXT-PRICE-NEG-021,1,-1.0
EXT-PRICE-NEG-022,1,-1.0
EXT-PRICE-NEG-023,1,-1.0
EXT-PRICE-NEG-024,1,-1.0
EXT-PRICE-NEG-025,1,-1.0
EXT-PRICE-NEG-026,1,-1.0
EXT-PRICE-NEG-027,1,-1.0
EXT-PRICE-NEG-028,1,-1.0
EXT-PRICE-NEG-029,1,-1.0
EXT-PRICE-NEG-030,1,-1.0
EXT-PRICE-NEG-031,1,-1.0
EXT-PRICE-NEG-032,1,-1.0
EXT-PRICE-NEG-033,1,-1.0
EXT-PRICE-NEG-034,1,-1.0
EXT-PRICE-NEG-035,1,-1.0
EXT-PRICE-NEG-036,1,-1.0
EXT-PRICE-NEG-037,1,-1.0
EXT-PRICE-NEG-038,1,-1.0
EXT-PRICE-NEG-039,1,-1.0
EXT-PRICE-NEG-040,1,-1.0
EXT-PRICE-NEG-041,1,-1.0
EXT-PRICE-NEG-042,1,-1.0
EXT-PRICE-NEG-043,1,-1.0
EXT-PRICE-NEG-044,1,-1.0
EXT-PRICE-NEG-045,1,-1.0
EXT-PRICE-NEG-046,1,-1.0
EXT-PRICE-NEG-047,1,-1.0
EXT-PRICE-NEG-048,1,-1.0
EXT-PRICE-NEG-049,1,-1.0
EXT-PRICE-NEG-050,1,-1.0
EXT-NOTFOUND-0001,1,50.0
EXT-NOTFOUND-0002,1,50.0
EXT-NOTFOUND-0003,1,50.0
EXT-NOTFOUND-0004,1,50.0
EXT-NOTFOUND-0005,1,50.0
EXT-NOTFOUND-0006,1,50.0
EXT-NOTFOUND-0007,1,50.0
EXT-NOTFOUND-0008,1,50.0
EXT-NOTFOUND-0009,1,50.0
EXT-NOTFOUND-0010,1,50.0
EXT-NOTFOUND-0011,1,50.0
EXT-NOTFOUND-0012,1,50.0
EXT-NOTFOUND-0013,1,50.0
EXT-NOTFOUND-0014,1,50.0
EXT-NOTFOUND-0015,1,50.0
EXT-NOTFOUND-0016,1,50.0
EXT-NOTFOUND-0017,1,50.0
EXT-NOTFOUND-0018,1,50.0
EXT-NOTFOUND-0019,1,50.0
EXT-NOTFOUND-0020,1,50.0
EXT-NOTFOUND-0021,1,50.0
EXT-NOTFOUND-0022,1,50.0
EXT-NOTFOUND-0023,1,50.0
EXT-NOTFOUND-0024,1,50.0
EXT-NOTFOUND-0025,1,50.0
EXT-NOTFOUND-0026,1,50.0
EXT-NOTFOUND-0027,1,50.0
EXT-NOTFOUND-0028,1,50.0
EXT-NOTFOUND-0029,1,50.0
EXT-NOTFOUND-0030,1,50.0
EXT-NOTFOUND-0031,1,50.0
EXT-NOTFOUND-0032,1,50.0
EXT-NOTFOUND-0033,1,50.0
EXT-NOTFOUND-0034,1,50.0
EXT-NOTFOUND-0035,1,50.0
EXT-NOTFOUND-0036,1,50.0
EXT-NOTFOUND-0037,1,50.0
EXT-NOTFOUND-0038,1,50.0
EXT-NOTFOUND-0039,1,50.0
EXT-NOTFOUND-0040,1,50.0
EXT-NOTFOUND-0041,1,50.0
EXT-NOTFOUND-0042,1,50.0
EXT-NOTFOUND-0043,1,50.0
EXT-NOTFOUND-0044,1,50.0
EXT-NOTFOUND-0045,1,50.0
EXT-NOTFOUND-0046,1,50.0
EXT-NOTFOUND-0047,1,50.0
EXT-NOTFOUND-0048,1,50.0
EXT-NOTFOUND-0049,1,50.0
EXT-NOTFOUND-0050,1,50.0
EXT-NOTFOUND-0051,1,50.0
EXT-NOTFOUND-0052,1,50.0
EXT-NOTFOUND-0053,1,50.0
EXT-NOTFOUND-0054,1,50.0
EXT-NOTFOUND-0055,1,50.0
EXT-NOTFOUND-0056,1,50.0
EXT-NOTFOUND-0057,1,50.0
EXT-NOTFOUND-0058,1,50.0
EXT-NOTFOUND-0059,1,50.0
EXT-NOTFOUND-0060,1,50.0
EXT-NOTFOUND-0061,1,50.0
EXT-NOTFOUND-0062,1,50.0
EXT-NOTFOUND-0063,1,50.0
EXT-NOTFOUND-0064,1,50.0
EXT-NOTFOUND-0065,1,50.0
EXT-NOTFOUND-0066,1,50.0
EXT-NOTFOUND-0067,1,50.0
EXT-NOTFOUND-0068,1,50.0
EXT-NOTFOUND-0069,1,50.0
EXT-NOTFOUND-0070,1,50.0
EXT-NOTFOUND-0071,1,50.0
EXT-NOTFOUND-0072,1,50.0
EXT-NOTFOUND-0073,1,50.0
EXT-NOTFOUND-0074,1,50.0
EXT-NOTFOUND-0075,1,50.0
EXT-NOTFOUND-0076,1,50.0
EXT-NOTFOUND-0077,1,50.0
EXT-NOTFOUND-0078,1,50.0
EXT-NOTFOUND-0079,1,50.0
EXT-NOTFOUND-0080,1,50.0
EXT-NOTFOUND-0081,1,50.0
EXT-NOTFOUND-0082,1,50.0
EXT-NOTFOUND-0083,1,50.0
EXT-NOTFOUND-0084,1,50.0
EXT-NOTFOUND-0085,1,50.0
EXT-NOTFOUND-0086,1,50.0
EXT-NOTFOUND-0087,1,50.0
EXT-NOTFOUND-0088,1,50.0
EXT-NOTFOUND-0089,1,50.0
EXT-NOTFOUND-0090,1,50.0
EXT-NOTFOUND-0091,1,50.0
EXT-NOTFOUND-0092,1,50.0
EXT-NOTFOUND-0093,1,50.0
EXT-NOTFOUND-0094,1,50.0
EXT-NOTFOUND-0095,1,50.0
EXT-NOTFOUND-0096,1,50.0
EXT-NOTFOUND-0097,1,50.0
EXT-NOTFOUND-0098,1,50.0
EXT-NOTFOUND-0099,1,50.0
EXT-NOTFOUND-0100,1,50.0
EXT-NOTFOUND-0101,1,50.0
EXT-NOTFOUND-0102,1,50.0
EXT-NOTFOUND-0103,1,50.0
EXT-NOTFOUND-0104,1,50.0
EXT-NOTFOUND-0105,1,50.0
EXT-NOTFOUND-0106,1,50.0
EXT-NOTFOUND-0107,1,50.0
EXT-NOTFOUND-0108,1,50.0
EXT-NOTFOUND-0109,1,50.0
EXT-NOTFOUND-0110,1,50.0
EXT-NOTFOUND-0111,1,50.0
EXT-NOTFOUND-0112,1,50.0
EXT-NOTFOUND-0113,1,50.0
EXT-NOTFOUND-0114,1,50.0
EXT-NOTFOUND-0115,1,50.0
EXT-NOTFOUND-0116,1,50.0
EXT-NOTFOUND-0117,1,50.0
EXT-NOTFOUND-0118,1,50.0
EXT-NOTFOUND-0119,1,50.0
EXT-NOTFOUND-0120,1,50.0
EXT-NOTFOUND-0121,1,50.0
EXT-NOTFOUND-0122,1,50.0
EXT-NOTFOUND-0123,1,50.0
EXT-NOTFOUND-0124,1,50.0
EXT-NOTFOUND-0125,1,50.0
EXT-NOTFOUND-0126,1,50.0
EXT-NOTFOUND-0127,1,50.0
EXT-NOTFOUND-0128,1,50.0
EXT-NOTFOUND-0129,1,50.0
EXT-NOTFOUND-0130,1,50.0
EXT-NOTFOUND-0131,1,50.0
EXT-NOTFOUND-0132,1,50.0
EXT-NOTFOUND-0133,1,50.0
EXT-NOTFOUND-0134,1,50.0
EXT-NOTFOUND-0135,1,50.0
EXT-NOTFOUND-0136,1,50.0
EXT-NOTFOUND-0137,1,50.0
EXT-NOTFOUND-0138,1,50.0
EXT-NOTFOUND-0139,1,50.0
EXT-NOTFOUND-0140,1,50.0
EXT-NOTFOUND-0141,1,50.0
EXT-NOTFOUND-0142,1,50.0
EXT-NOTFOUND-0143,1,50.0
EXT-NOTFOUND-0144,1,50.0
EXT-NOTFOUND-0145,1,50.0
EXT-NOTFOUND-0146,1,50.0
EXT-NOTFOUND-0147,1,50.0
EXT-NOTFOUND-0148,1,50.0
EXT-NOTFOUND-0149,1,50.0
EXT-NOTFOUND-0150,1,50.0
EXT-NOTFOUND-0151,1,50.0
EXT-NOTFOUND-0152,1,50.0
EXT-NOTFOUND-0153,1,50.0
EXT-NOTFOUND-0154,1,50.0
EXT-NOTFOUND-0155,1,50.0
EXT-NOTFOUND-0156,1,50.0
EXT-NOTFOUND-0157,1,50.0
EXT-NOTFOUND-0158,1,50.0
EXT-NOTFOUND-0159,1,50.0
EXT-NOTFOUND-0160,1,50.0
EXT-NOTFOUND-0161,1,50.0
EXT-NOTFOUND-0162,1,50.0
EXT-NOTFOUND-0163,1,50.0
EXT-NOTFOUND-0164,1,50.0
EXT-NOTFOUND-0165,1,50.0
EXT-NOTFOUND-0166,1,50.0
EXT-NOTFOUND-0167,1,50.0
EXT-NOTFOUND-0168,1,50.0
EXT-NOTFOUND-0169,1,50.0
EXT-NOTFOUND-0170,1,50.0
EXT-NOTFOUND-0171,1,50.0
EXT-NOTFOUND-0172,1,50.0
EXT-NOTFOUND-0173,1,50.0
EXT-NOTFOUND-0174,1,50.0
EXT-NOTFOUND-0175,1,50.0
EXT-NOTFOUND-0176,1,50.0
EXT-NOTFOUND-0177,1,50.0
EXT-NOTFOUND-0178,1,50.0
EXT-NOTFOUND-0179,1,50.0
EXT-NOTFOUND-0180,1,50.0
EXT-NOTFOUND-0181,1,50.0
EXT-NOTFOUND-0182,1,50.0
EXT-NOTFOUND-0183,1,50.0
EXT-NOTFOUND-0184,1,50.0
EXT-NOTFOUND-0185,1,50.0
EXT-NOTFOUND-0186,1,50.0
EXT-NOTFOUND-0187,1,50.0
EXT-NOTFOUND-0188,1,50.0
EXT-NOTFOUND-0189,1,50.0
EXT-NOTFOUND-0190,1,50.0
EXT-NOTFOUND-0191,1,50.0
EXT-NOTFOUND-0192,1,50.0
EXT-NOTFOUND-0193,1,50.0
EXT-NOTFOUND-0194,1,50.0
EXT-NOTFOUND-0195,1,50.0
EXT-NOTFOUND-0196,1,50.0
EXT-NOTFOUND-0197,1,50.0
EXT-NOTFOUND-0198,1,50.0
EXT-NOTFOUND-0199,1,50.0
EXT-NOTFOUND-0200,1,50.0
,1,10.0
,1,10.0
,1,10.0
,1,10.0
,1,10.0
,,
,1,10.0
,1,10.0
,1,10.0
,1,10.0
,1,10.0
,1,10.0
,1,10.0
,1,10.0
,1,10.0
,1,10.0
,1,10.0
,,
,1,10.0
,1,10.0
,1,10.0
,1,10.0
,1,10.0
,1,10.0
,1,10.0
,1,10.0
,1,10.0
,1,10.0
,1,10.0
,1,10.0
,1,10.0
,1,10.0
,1,10.0
,1,10.0
,1,10.0
,1,10.0
,1,10.0
,1,10.0
,1,10.0
,1,10.0
,1,10.0
,1,10.0
,1,10.0
,1,10.0
,1,10.0
,1,10.0
,1,10.0
,1,10.0
,1,10.0
,1,10.0
,1,10.0
,1,10.0
EXT-BADQTY-001,abc,10.0
EXT-BADQTY-002,abc,10.0
EXT-BADQTY-003,abc,10.0
EXT-BADQTY-004,abc,10.0
EXT-BADQTY-005,abc,10.0
EXT-BADQTY-006,abc,10.0
EXT-BADQTY-007,abc,10.0
EXT-BADQTY-008,abc,10.0
EXT-BADQTY-009,abc,10.0
EXT-BADQTY-010,abc,10.0
EXT-BADQTY-011,abc,10.0
EXT-BADQTY-012,abc,10.0
EXT-BADQTY-013,abc,10.0
EXT-BADQTY-014,abc,10.0
EXT-BADQTY-015,abc,10.0
EXT-BADQTY-016,abc,10.0
EXT-BADQTY-017,abc,10.0
EXT-BADQTY-018,abc,10.0
EXT-BADQTY-019,abc,10.0
EXT-BADQTY-020,abc,10.0
EXT-BADQTY-021,abc,10.0
EXT-BADQTY-022,abc,10.0
EXT-BADQTY-023,abc,10.0
EXT-BADQTY-024,abc,10.0
EXT-BADQTY-025,abc,10.0
EXT-BADQTY-026,abc,10.0
EXT-BADQTY-027,abc,10.0
EXT-BADQTY-028,abc,10.0
EXT-BADQTY-029,abc,10.0
EXT-BADQTY-030,abc,10.0
EXT-BADQTY-031,abc,10.0
EXT-BADQTY-032,abc,10.0
EXT-BADQTY-033,abc,10.0
EXT-BADQTY-034,abc,10.0
EXT-BADQTY-035,abc,10.0
EXT-BADQTY-036,abc,10.0
EXT-BADQTY-037,abc,10.0
EXT-BADQTY-038,abc,10.0
EXT-BADQTY-039,abc,10.0
EXT-BADQTY-040,abc,10.0
EXT-BADQTY-041,abc,10.0
EXT-BADQTY-042,abc,10.0
EXT-BADQTY-043,abc,10.0
EXT-BADQTY-044,abc,10.0
EXT-BADQTY-045,abc,10.0
EXT-BADQTY-046,abc,10.0
EXT-BADQTY-047,abc,10.0
EXT-BADQTY-048,abc,10.0
EXT-BADQTY-049,abc,10.0
EXT-BADQTY-050,abc,10.0
EXT-BADPRICE-001,1,xyz
EXT-BADPRICE-002,1,xyz
EXT-BADPRICE-003,1,xyz
EXT-BADPRICE-004,1,xyz
EXT-BADPRICE-005,1,xyz
EXT-BADPRICE-006,1,xyz
EXT-BADPRICE-007,1,xyz
EXT-BADPRICE-008,1,xyz
EXT-BADPRICE-009,1,xyz
EXT-BADPRICE-010,1,xyz
EXT-BADPRICE-011,1,xyz
EXT-BADPRICE-012,1,xyz
EXT-BADPRICE-013,1,xyz
EXT-BADPRICE-014,1,xyz
EXT-BADPRICE-015,1,xyz
EXT-BADPRICE-016,1,xyz
EXT-BADPRICE-017,1,xyz
EXT-BADPRICE-018,1,xyz
EXT-BADPRICE-019,1,xyz
EXT-BADPRICE-020,1,xyz
EXT-BADPRICE-021,1,xyz
EXT-BADPRICE-022,1,xyz
EXT-BADPRICE-023,1,xyz
EXT-BADPRICE-024,1,xyz
EXT-BADPRICE-025,1,xyz
EXT-BADPRICE-026,1,xyz
EXT-BADPRICE-027,1,xyz
EXT-BADPRICE-028,1,xyz
EXT-BADPRICE-029,1,xyz
EXT-BADPRICE-030,1,xyz
EXT-BADPRICE-031,1,xyz
EXT-BADPRICE-032,1,xyz
EXT-BADPRICE-033,1,xyz
EXT-BADPRICE-034,1,xyz
EXT-BADPRICE-035,1,xyz
EXT-BADPRICE-036,1,xyz
EXT-BADPRICE-037,1,xyz
EXT-BADPRICE-038,1,xyz
EXT-BADPRICE-039,1,xyz
EXT-BADPRICE-040,1,xyz
EXT-BADPRICE-041,1,xyz
EXT-BADPRICE-042,1,xyz
EXT-BADPRICE-043,1,xyz
EXT-BADPRICE-044,1,xyz
EXT-BADPRICE-045,1,xyz
EXT-BADPRICE-046,1,xyz
EXT-BADPRICE-047,1,xyz
EXT-BADPRICE-048,1,xyz
EXT-BADPRICE-049,1,xyz
EXT-BADPRICE-050,1,xyz
EXT-FREE-001,1,0.0
EXT-FREE-002,1,0.0
EXT-FREE-003,1,0.0
EXT-FREE-004,1,0.0
EXT-FREE-005,1,0.0
EXT-FREE-006,1,0.0
EXT-FREE-007,1,0.0
EXT-FREE-008,1,0.0
EXT-FREE-009,1,0.0
EXT-FREE-010,1,0.0
EXT-FREE-011,1,0.0
EXT-FREE-012,1,0.0
EXT-FREE-013,1,0.0
EXT-FREE-014,1,0.0
EXT-FREE-015,1,0.0
EXT-FREE-016,1,0.0
EXT-FREE-017,1,0.0
EXT-FREE-018,1,0.0
EXT-FREE-019,1,0.0
EXT-FREE-020,1,0.0
EXT-FREE-021,1,0.0
EXT-FREE-022,1,0.0
EXT-FREE-023,1,0.0
EXT-FREE-024,1,0.0
EXT-FREE-025,1,0.0
EXT-FREE-026,1,0.0
EXT-FREE-027,1,0.0
EXT-FREE-028,1,0.0
EXT-FREE-029,1,0.0
EXT-FREE-030,1,0.0
EXT-FREE-031,1,0.0
EXT-FREE-032,1,0.0
EXT-FREE-033,1,0.0
EXT-FREE-034,1,0.0
EXT-FREE-035,1,0.0
EXT-FREE-036,1,0.0
EXT-FREE-037,1,0.0
EXT-FREE-038,1,0.0
EXT-FREE-039,1,0.0
EXT-FREE-040,1,0.0
EXT-FREE-041,1,0.0
EXT-FREE-042,1,0.0
EXT-FREE-043,1,0.0
EXT-FREE-044,1,0.0
EXT-FREE-045,1,0.0
EXT-FREE-046,1,0.0
EXT-FREE-047,1,0.0
EXT-FREE-048,1,0.0
EXT-FREE-049,1,0.0
EXT-FREE-050,1,0.0
EXT-FREE-051,1,0.0
EXT-FREE-052,1,0.0
EXT-FREE-053,1,0.0
EXT-FREE-054,1,0.0
EXT-FREE-055,1,0.0
EXT-FREE-056,1,0.0
EXT-FREE-057,1,0.0
EXT-FREE-058,1,0.0
EXT-FREE-059,1,0.0
EXT-FREE-060,1,0.0
EXT-FREE-061,1,0.0
EXT-FREE-062,1,0.0
EXT-FREE-063,1,0.0
EXT-FREE-064,1,0.0
EXT-FREE-065,1,0.0
EXT-FREE-066,1,0.0
EXT-FREE-067,1,0.0
EXT-FREE-068,1,0.0
EXT-FREE-069,1,0.0
EXT-FREE-070,1,0.0
EXT-FREE-071,1,0.0
EXT-FREE-072,1,0.0
EXT-FREE-073,1,0.0
EXT-FREE-074,1,0.0
EXT-FREE-075,1,0.0
EXT-FREE-076,1,0.0
EXT-FREE-077,1,0.0
EXT-FREE-078,1,0.0
EXT-FREE-079,1,0.0
,,
EXT-FREE-080,1,0.0
EXT-FREE-081,1,0.0
EXT-FREE-082,1,0.0
EXT-FREE-083,1,0.0
EXT-FREE-084,1,0.0
EXT-FREE-085,1,0.0
EXT-FREE-086,1,0.0
EXT-FREE-087,1,0.0
EXT-FREE-088,1,0.0
EXT-FREE-089,1,0.0
EXT-FREE-090,1,0.0
EXT-FREE-091,1,0.0
EXT-FREE-092,1,0.0
EXT-FREE-093,1,0.0
EXT-FREE-094,1,0.0
EXT-FREE-095,1,0.0
EXT-FREE-096,1,0.0
EXT-FREE-097,1,0.0
EXT-FREE-098,1,0.0
EXT-FREE-099,1,0.0
EXT-FREE-100,1,0.0
EXT-DEC-001,1.5,25.0
EXT-DEC-002,1.5,25.0
EXT-DEC-003,1.5,25.0
EXT-DEC-004,1.5,25.0
EXT-DEC-005,1.5,25.0
EXT-DEC-006,1.5,25.0
EXT-DEC-007,1.5,25.0
EXT-DEC-008,1.5,25.0
EXT-DEC-009,1.5,25.0
EXT-DEC-010,1.5,25.0
EXT-DEC-011,1.5,25.0
EXT-DEC-012,1.5,25.0
EXT-DEC-013,1.5,25.0
EXT-DEC-014,1.5,25.0
EXT-DEC-015,1.5,25.0
EXT-DEC-016,1.5,25.0
EXT-DEC-017,1.5,25.0
EXT-DEC-018,1.5,25.0
EXT-DEC-019,1.5,25.0
EXT-DEC-020,1.5,25.0
EXT-DEC-021,1.5,25.0
EXT-DEC-022,1.5,25.0
EXT-DEC-023,1.5,25.0
,,
EXT-DEC-024,1.5,25.0
EXT-DEC-025,1.5,25.0
EXT-DEC-026,1.5,25.0
EXT-DEC-027,1.5,25.0
EXT-DEC-028,1.5,25.0
EXT-DEC-029,1.5,25.0
EXT-DEC-030,1.5,25.0
EXT-DEC-031,1.5,25.0
EXT-DEC-032,1.5,25.0
EXT-DEC-033,1.5,25.0
EXT-DEC-034,1.5,25.0
EXT-DEC-035,1.5,25.0
EXT-DEC-036,1.5,25.0
EXT-DEC-037,1.5,25.0
EXT-DEC-038,1.5,25.0
EXT-DEC-039,1.5,25.0
EXT-DEC-040,1.5,25.0
EXT-DEC-041,1.5,25.0
EXT-DEC-042,1.5,25.0
EXT-DEC-043,1.5,25.0
EXT-DEC-044,1.5,25.0
EXT-DEC-045,1.5,25.0
EXT-DEC-046,1.5,25.0
EXT-DEC-047,1.5,25.0
EXT-DEC-048,1.5,25.0
EXT-DEC-049,1.5,25.0
EXT-DEC-050,1.5,25.0
EXT-FILL-00000,1,9.99
EXT-FILL-00001,1,9.99
EXT-FILL-00002,1,9.99
EXT-FILL-00003,1,9.99
EXT-FILL-00004,1,9.99
EXT-FILL-00005,1,9.99
EXT-FILL-00006,1,9.99
EXT-FILL-00007,1,9.99
EXT-FILL-00008,1,9.99
EXT-FILL-00009,1,9.99
EXT-FILL-00010,1,9.99
EXT-FILL-00011,1,9.99
EXT-FILL-00012,1,9.99
EXT-FILL-00013,1,9.99
EXT-FILL-00014,1,9.99
EXT-FILL-00015,1,9.99
EXT-FILL-00016,1,9.99
EXT-FILL-00017,1,9.99
EXT-FILL-00018,1,9.99
EXT-FILL-00019,1,9.99
EXT-FILL-00020,1,9.99
EXT-FILL-00021,1,9.99
EXT-FILL-00022,1,9.99
EXT-FILL-00023,1,9.99
EXT-FILL-00024,1,9.99
EXT-FILL-00025,1,9.99
EXT-FILL-00026,1,9.99
EXT-FILL-00027,1,9.99
EXT-FILL-00028,1,9.99
EXT-FILL-00029,1,9.99
EXT-FILL-00030,1,9.99
EXT-FILL-00031,1,9.99
EXT-FILL-00032,1,9.99
EXT-FILL-00033,1,9.99
EXT-FILL-00034,1,9.99
EXT-FILL-00035,1,9.99
EXT-FILL-00036,1,9.99
EXT-FILL-00037,1,9.99
EXT-FILL-00038,1,9.99
EXT-FILL-00039,1,9.99
EXT-FILL-00040,1,9.99
EXT-FILL-00041,1,9.99
EXT-FILL-00042,1,9.99
EXT-FILL-00043,1,9.99
EXT-FILL-00044,1,9.99
EXT-FILL-00045,1,9.99
EXT-FILL-00046,1,9.99
EXT-FILL-00047,1,9.99
EXT-FILL-00048,1,9.99
EXT-FILL-00049,1,9.99
EXT-FILL-00050,1,9.99
EXT-FILL-00051,1,9.99
EXT-FILL-00052,1,9.99
EXT-FILL-00053,1,9.99
EXT-FILL-00054,1,9.99
EXT-FILL-00055,1,9.99
EXT-FILL-00056,1,9.99
EXT-FILL-00057,1,9.99
EXT-FILL-00058,1,9.99
EXT-FILL-00059,1,9.99
EXT-FILL-00060,1,9.99
EXT-FILL-00061,1,9.99
EXT-FILL-00062,1,9.99
EXT-FILL-00063,1,9.99
EXT-FILL-00064,1,9.99
EXT-FILL-00065,1,9.99
EXT-FILL-00066,1,9.99
EXT-FILL-00067,1,9.99
EXT-FILL-00068,1,9.99
EXT-FILL-00069,1,9.99
EXT-FILL-00070,1,9.99
EXT-FILL-00071,1,9.99
EXT-FILL-00072,1,9.99
EXT-FILL-00073,1,9.99
EXT-FILL-00074,1,9.99
EXT-FILL-00075,1,9.99
EXT-FILL-00076,1,9.99
EXT-FILL-00077,1,9.99
EXT-FILL-00078,1,9.99
EXT-FILL-00079,1,9.99
EXT-FILL-00080,1,9.99
EXT-FILL-00081,1,9.99
EXT-FILL-00082,1,9.99
EXT-FILL-00083,1,9.99
EXT-FILL-00084,1,9.99
EXT-FILL-00085,1,9.99
EXT-FILL-00086,1,9.99
EXT-FILL-00087,1,9.99
EXT-FILL-00088,1,9.99
EXT-FILL-00089,1,9.99
EXT-FILL-00090,1,9.99
EXT-FILL-00091,1,9.99
EXT-FILL-00092,1,9.99
EXT-FILL-00093,1,9.99
EXT-FILL-00094,1,9.99
EXT-FILL-00095,1,9.99
EXT-FILL-00096,1,9.99
EXT-FILL-00097,1,9.99
,,
EXT-FILL-00098,1,9.99
EXT-FILL-00099,1,9.99
EXT-FILL-00100,1,9.99
EXT-FILL-00101,1,9.99
EXT-FILL-00102,1,9.99
EXT-FILL-00103,1,9.99
EXT-FILL-00104,1,9.99
EXT-FILL-00105,1,9.99
EXT-FILL-00106,1,9.99
EXT-FILL-00107,1,9.99
EXT-FILL-00108,1,9.99
,,
EXT-FILL-00109,1,9.99
EXT-FILL-00110,1,9.99
EXT-FILL-00111,1,9.99
EXT-FILL-00112,1,9.99
EXT-FILL-00113,1,9.99
EXT-FILL-00114,1,9.99
EXT-FILL-00115,1,9.99
EXT-FILL-00116,1,9.99
EXT-FILL-00117,1,9.99
EXT-FILL-00118,1,9.99
EXT-FILL-00119,1,9.99
EXT-FILL-00120,1,9.99
EXT-FILL-00121,1,9.99
EXT-FILL-00122,1,9.99
EXT-FILL-00123,1,9.99
EXT-FILL-00124,1,9.99
EXT-FILL-00125,1,9.99
EXT-FILL-00126,1,9.99
EXT-FILL-00127,1,9.99
EXT-FILL-00128,1,9.99
EXT-FILL-00129,1,9.99
EXT-FILL-00130,1,9.99
EXT-FILL-00131,1,9.99
EXT-FILL-00132,1,9.99
EXT-FILL-00133,1,9.99
EXT-FILL-00134,1,9.99
EXT-FILL-00135,1,9.99
EXT-FILL-00136,1,9.99
EXT-FILL-00137,1,9.99
EXT-FILL-00138,1,9.99
EXT-FILL-00139,1,9.99
EXT-FILL-00140,1,9.99
EXT-FILL-00141,1,9.99
EXT-FILL-00142,1,9.99
EXT-FILL-00143,1,9.99
EXT-FILL-00144,1,9.99
EXT-FILL-00145,1,9.99
EXT-FILL-00146,1,9.99
EXT-FILL-00147,1,9.99
EXT-FILL-00148,1,9.99
EXT-FILL-00149,1,9.99
EXT-FILL-00150,1,9.99
EXT-FILL-00151,1,9.99
EXT-FILL-00152,1,9.99
EXT-FILL-00153,1,9.99
EXT-FILL-00154,1,9.99
EXT-FILL-00155,1,9.99
EXT-FILL-00156,1,9.99
EXT-FILL-00157,1,9.99
EXT-FILL-00158,1,9.99
EXT-FILL-00159,1,9.99
EXT-FILL-00160,1,9.99
EXT-FILL-00161,1,9.99
EXT-FILL-00162,1,9.99
EXT-FILL-00163,1,9.99
EXT-FILL-00164,1,9.99
EXT-FILL-00165,1,9.99
EXT-FILL-00166,1,9.99
EXT-FILL-00167,1,9.99
EXT-FILL-00168,1,9.99
EXT-FILL-00169,1,9.99
EXT-FILL-00170,1,9.99
EXT-FILL-00171,1,9.99
EXT-FILL-00172,1,9.99
EXT-FILL-00173,1,9.99
EXT-FILL-00174,1,9.99
EXT-FILL-00175,1,9.99
EXT-FILL-00176,1,9.99
EXT-FILL-00177,1,9.99
EXT-FILL-00178,1,9.99
EXT-FILL-00179,1,9.99
EXT-FILL-00180,1,9.99
EXT-FILL-00181,1,9.99
EXT-FILL-00182,1,9.99
EXT-FILL-00183,1,9.99
EXT-FILL-00184,1,9.99
EXT-FILL-00185,1,9.99
EXT-FILL-00186,1,9.99
EXT-FILL-00187,1,9.99
EXT-FILL-00188,1,9.99
EXT-FILL-00189,1,9.99
EXT-FILL-00190,1,9.99
EXT-FILL-00191,1,9.99
EXT-FILL-00192,1,9.99
EXT-FILL-00193,1,9.99
EXT-FILL-00194,1,9.99
EXT-FILL-00195,1,9.99
EXT-FILL-00196,1,9.99
EXT-FILL-00197,1,9.99
EXT-FILL-00198,1,9.99
EXT-FILL-00199,1,9.99
EXT-FILL-00200,1,9.99
EXT-FILL-00201,1,9.99
EXT-FILL-00202,1,9.99
EXT-FILL-00203,1,9.99
EXT-FILL-00204,1,9.99
,,
EXT-FILL-00205,1,9.99
EXT-FILL-00206,1,9.99
EXT-FILL-00207,1,9.99
EXT-FILL-00208,1,9.99
EXT-FILL-00209,1,9.99
EXT-FILL-00210,1,9.99
EXT-FILL-00211,1,9.99
EXT-FILL-00212,1,9.99
EXT-FILL-00213,1,9.99
EXT-FILL-00214,1,9.99
EXT-FILL-00215,1,9.99
EXT-FILL-00216,1,9.99
EXT-FILL-00217,1,9.99
EXT-FILL-00218,1,9.99
EXT-FILL-00219,1,9.99
EXT-FILL-00220,1,9.99
EXT-FILL-00221,1,9.99
EXT-FILL-00222,1,9.99
EXT-FILL-00223,1,9.99
EXT-FILL-00224,1,9.99
EXT-FILL-00225,1,9.99
EXT-FILL-00226,1,9.99
EXT-FILL-00227,1,9.99
EXT-FILL-00228,1,9.99
EXT-FILL-00229,1,9.99
EXT-FILL-00230,1,9.99
EXT-FILL-00231,1,9.99
EXT-FILL-00232,1,9.99
EXT-FILL-00233,1,9.99
EXT-FILL-00234,1,9.99
EXT-FILL-00235,1,9.99
EXT-FILL-00236,1,9.99
EXT-FILL-00237,1,9.99
EXT-FILL-00238,1,9.99
EXT-FILL-00239,1,9.99
EXT-FILL-00240,1,9.99
EXT-FILL-00241,1,9.99
EXT-FILL-00242,1,9.99
EXT-FILL-00243,1,9.99
EXT-FILL-00244,1,9.99
EXT-FILL-00245,1,9.99
EXT-FILL-00246,1,9.99
EXT-FILL-00247,1,9.99
EXT-FILL-00248,1,9.99
EXT-FILL-00249,1,9.99
EXT-FILL-00250,1,9.99
EXT-FILL-00251,1,9.99
EXT-FILL-00252,1,9.99
EXT-FILL-00253,1,9.99
EXT-FILL-00254,1,9.99
EXT-FILL-00255,1,9.99
EXT-FILL-00256,1,9.99
EXT-FILL-00257,1,9.99
EXT-FILL-00258,1,9.99
EXT-FILL-00259,1,9.99
EXT-FILL-00260,1,9.99
EXT-FILL-00261,1,9.99
EXT-FILL-00262,1,9.99
EXT-FILL-00263,1,9.99
EXT-FILL-00264,1,9.99
EXT-FILL-00265,1,9.99
EXT-FILL-00266,1,9.99
EXT-FILL-00267,1,9.99
EXT-FILL-00268,1,9.99
EXT-FILL-00269,1,9.99
EXT-FILL-00270,1,9.99
EXT-FILL-00271,1,9.99
EXT-FILL-00272,1,9.99
EXT-FILL-00273,1,9.99
EXT-FILL-00274,1,9.99
EXT-FILL-00275,1,9.99
EXT-FILL-00276,1,9.99
EXT-FILL-00277,1,9.99
EXT-FILL-00278,1,9.99
EXT-FILL-00279,1,9.99
EXT-FILL-00280,1,9.99
EXT-FILL-00281,1,9.99
EXT-FILL-00282,1,9.99
EXT-FILL-00283,1,9.99
EXT-FILL-00284,1,9.99
EXT-FILL-00285,1,9.99
EXT-FILL-00286,1,9.99
EXT-FILL-00287,1,9.99
EXT-FILL-00288,1,9.99
EXT-FILL-00289,1,9.99
EXT-FILL-00290,1,9.99
EXT-FILL-00291,1,9.99
EXT-FILL-00292,1,9.99
EXT-FILL-00293,1,9.99
EXT-FILL-00294,1,9.99
EXT-FILL-00295,1,9.99
EXT-FILL-00296,1,9.99
EXT-FILL-00297,1,9.99
EXT-FILL-00298,1,9.99
EXT-FILL-00299,1,9.99
EXT-FILL-00300,1,9.99
EXT-FILL-00301,1,9.99
EXT-FILL-00302,1,9.99
EXT-FILL-00303,1,9.99
EXT-FILL-00304,1,9.99
EXT-FILL-00305,1,9.99
EXT-FILL-00306,1,9.99
EXT-FILL-00307,1,9.99
EXT-FILL-00308,1,9.99
EXT-FILL-00309,1,9.99
EXT-FILL-00310,1,9.99
EXT-FILL-00311,1,9.99
EXT-FILL-00312,1,9.99
EXT-FILL-00313,1,9.99
EXT-FILL-00314,1,9.99
EXT-FILL-00315,1,9.99
EXT-FILL-00316,1,9.99
EXT-FILL-00317,1,9.99
EXT-FILL-00318,1,9.99
EXT-FILL-00319,1,9.99
EXT-FILL-00320,1,9.99
EXT-FILL-00321,1,9.99
EXT-FILL-00322,1,9.99
EXT-FILL-00323,1,9.99
EXT-FILL-00324,1,9.99
EXT-FILL-00325,1,9.99
EXT-FILL-00326,1,9.99
EXT-FILL-00327,1,9.99
EXT-FILL-00328,1,9.99
EXT-FILL-00329,1,9.99
EXT-FILL-00330,1,9.99
EXT-FILL-00331,1,9.99
EXT-FILL-00332,1,9.99
EXT-FILL-00333,1,9.99
EXT-FILL-00334,1,9.99
EXT-FILL-00335,1,9.99
EXT-FILL-00336,1,9.99
EXT-FILL-00337,1,9.99
EXT-FILL-00338,1,9.99
EXT-FILL-00339,1,9.99
EXT-FILL-00340,1,9.99
EXT-FILL-00341,1,9.99
EXT-FILL-00342,1,9.99
EXT-FILL-00343,1,9.99
EXT-FILL-00344,1,9.99
EXT-FILL-00345,1,9.99
EXT-FILL-00346,1,9.99
EXT-FILL-00347,1,9.99
EXT-FILL-00348,1,9.99
EXT-FILL-00349,1,9.99
EXT-FILL-00350,1,9.99
EXT-FILL-00351,1,9.99
EXT-FILL-00352,1,9.99
EXT-FILL-00353,1,9.99
EXT-FILL-00354,1,9.99
EXT-FILL-00355,1,9.99
EXT-FILL-00356,1,9.99
EXT-FILL-00357,1,9.99
EXT-FILL-00358,1,9.99
EXT-FILL-00359,1,9.99
EXT-FILL-00360,1,9.99
EXT-FILL-00361,1,9.99
EXT-FILL-00362,1,9.99
EXT-FILL-00363,1,9.99
EXT-FILL-00364,1,9.99
EXT-FILL-00365,1,9.99
EXT-FILL-00366,1,9.99
EXT-FILL-00367,1,9.99
EXT-FILL-00368,1,9.99
EXT-FILL-00369,1,9.99
EXT-FILL-00370,1,9.99
EXT-FILL-00371,1,9.99
EXT-FILL-00372,1,9.99
EXT-FILL-00373,1,9.99
EXT-FILL-00374,1,9.99
EXT-FILL-00375,1,9.99
EXT-FILL-00376,1,9.99
EXT-FILL-00377,1,9.99
EXT-FILL-00378,1,9.99
EXT-FILL-00379,1,9.99
EXT-FILL-00380,1,9.99
EXT-FILL-00381,1,9.99
EXT-FILL-00382,1,9.99
EXT-FILL-00383,1,9.99
EXT-FILL-00384,1,9.99
EXT-FILL-00385,1,9.99
EXT-FILL-00386,1,9.99
EXT-FILL-00387,1,9.99
EXT-FILL-00388,1,9.99
EXT-FILL-00389,1,9.99
EXT-FILL-00390,1,9.99
EXT-FILL-00391,1,9.99
EXT-FILL-00392,1,9.99
EXT-FILL-00393,1,9.99
EXT-FILL-00394,1,9.99
EXT-FILL-00395,1,9.99
EXT-FILL-00396,1,9.99
EXT-FILL-00397,1,9.99
EXT-FILL-00398,1,9.99
EXT-FILL-00399,1,9.99
EXT-FILL-00400,1,9.99
EXT-FILL-00401,1,9.99
EXT-FILL-00402,1,9.99
EXT-FILL-00403,1,9.99
EXT-FILL-00404,1,9.99
EXT-FILL-00405,1,9.99
EXT-FILL-00406,1,9.99
EXT-FILL-00407,1,9.99
EXT-FILL-00408,1,9.99
EXT-FILL-00409,1,9.99
EXT-FILL-00410,1,9.99
EXT-FILL-00411,1,9.99
EXT-FILL-00412,1,9.99
EXT-FILL-00413,1,9.99
EXT-FILL-00414,1,9.99
EXT-FILL-00415,1,9.99
EXT-FILL-00416,1,9.99
EXT-FILL-00417,1,9.99
EXT-FILL-00418,1,9.99
EXT-FILL-00419,1,9.99
EXT-FILL-00420,1,9.99
EXT-FILL-00421,1,9.99
EXT-FILL-00422,1,9.99
EXT-FILL-00423,1,9.99
EXT-FILL-00424,1,9.99
EXT-FILL-00425,1,9.99
EXT-FILL-00426,1,9.99
EXT-FILL-00427,1,9.99
EXT-FILL-00428,1,9.99
EXT-FILL-00429,1,9.99
EXT-FILL-00430,1,9.99
EXT-FILL-00431,1,9.99
EXT-FILL-00432,1,9.99
EXT-FILL-00433,1,9.99
EXT-FILL-00434,1,9.99
EXT-FILL-00435,1,9.99
EXT-FILL-00436,1,9.99
EXT-FILL-00437,1,9.99
EXT-FILL-00438,1,9.99
EXT-FILL-00439,1,9.99
EXT-FILL-00440,1,9.99
EXT-FILL-00441,1,9.99
EXT-FILL-00442,1,9.99
EXT-FILL-00443,1,9.99
EXT-FILL-00444,1,9.99
EXT-FILL-00445,1,9.99
EXT-FILL-00446,1,9.99
EXT-FILL-00447,1,9.99
EXT-FILL-00448,1,9.99
EXT-FILL-00449,1,9.99
EXT-FILL-00450,1,9.99
EXT-FILL-00451,1,9.99
EXT-FILL-00452,1,9.99
EXT-FILL-00453,1,9.99
EXT-FILL-00454,1,9.99
EXT-FILL-00455,1,9.99
,,
EXT-FILL-00456,1,9.99
EXT-FILL-00457,1,9.99
EXT-FILL-00458,1,9.99
EXT-FILL-00459,1,9.99
EXT-FILL-00460,1,9.99
EXT-FILL-00461,1,9.99
EXT-FILL-00462,1,9.99
EXT-FILL-00463,1,9.99
EXT-FILL-00464,1,9.99
EXT-FILL-00465,1,9.99
EXT-FILL-00466,1,9.99
EXT-FILL-00467,1,9.99
EXT-FILL-00468,1,9.99
EXT-FILL-00469,1,9.99
EXT-FILL-00470,1,9.99
EXT-FILL-00471,1,9.99
EXT-FILL-00472,1,9.99
EXT-FILL-00473,1,9.99
EXT-FILL-00474,1,9.99
EXT-FILL-00475,1,9.99
EXT-FILL-00476,1,9.99
EXT-FILL-00477,1,9.99
EXT-FILL-00478,1,9.99
EXT-FILL-00479,1,9.99
EXT-FILL-00480,1,9.99
EXT-FILL-00481,1,9.99
EXT-FILL-00482,1,9.99
EXT-FILL-00483,1,9.99
EXT-FILL-00484,1,9.99
EXT-FILL-00485,1,9.99
EXT-FILL-00486,1,9.99
EXT-FILL-00487,1,9.99
,,
EXT-FILL-00488,1,9.99
EXT-FILL-00489,1,9.99
EXT-FILL-00490,1,9.99
EXT-FILL-00491,1,9.99
EXT-FILL-00492,1,9.99
EXT-FILL-00493,1,9.99
EXT-FILL-00494,1,9.99
EXT-FILL-00495,1,9.99
EXT-FILL-00496,1,9.99
EXT-FILL-00497,1,9.99
EXT-FILL-00498,1,9.99
EXT-FILL-00499,1,9.99
EXT-FILL-00500,1,9.99
EXT-FILL-00501,1,9.99
EXT-FILL-00502,1,9.99
EXT-FILL-00503,1,9.99
EXT-FILL-00504,1,9.99
EXT-FILL-00505,1,9.99
EXT-FILL-00506,1,9.99
EXT-FILL-00507,1,9.99
EXT-FILL-00508,1,9.99
EXT-FILL-00509,1,9.99
EXT-FILL-00510,1,9.99
EXT-FILL-00511,1,9.99
EXT-FILL-00512,1,9.99
EXT-FILL-00513,1,9.99
EXT-FILL-00514,1,9.99
EXT-FILL-00515,1,9.99
EXT-FILL-00516,1,9.99
EXT-FILL-00517,1,9.99
EXT-FILL-00518,1,9.99
EXT-FILL-00519,1,9.99
EXT-FILL-00520,1,9.99
EXT-FILL-00521,1,9.99
EXT-FILL-00522,1,9.99
EXT-FILL-00523,1,9.99
EXT-FILL-00524,1,9.99
EXT-FILL-00525,1,9.99
EXT-FILL-00526,1,9.99
EXT-FILL-00527,1,9.99
EXT-FILL-00528,1,9.99
EXT-FILL-00529,1,9.99
EXT-FILL-00530,1,9.99
EXT-FILL-00531,1,9.99
EXT-FILL-00532,1,9.99
EXT-FILL-00533,1,9.99
EXT-FILL-00534,1,9.99
EXT-FILL-00535,1,9.99
EXT-FILL-00536,1,9.99
EXT-FILL-00537,1,9.99
EXT-FILL-00538,1,9.99
EXT-FILL-00539,1,9.99
EXT-FILL-00540,1,9.99
EXT-FILL-00541,1,9.99
EXT-FILL-00542,1,9.99
EXT-FILL-00543,1,9.99
EXT-FILL-00544,1,9.99
EXT-FILL-00545,1,9.99
EXT-FILL-00546,1,9.99
EXT-FILL-00547,1,9.99
EXT-FILL-00548,1,9.99
EXT-FILL-00549,1,9.99
EXT-FILL-00550,1,9.99
EXT-FILL-00551,1,9.99
EXT-FILL-00552,1,9.99
EXT-FILL-00553,1,9.99
EXT-FILL-00554,1,9.99
EXT-FILL-00555,1,9.99
EXT-FILL-00556,1,9.99
EXT-FILL-00557,1,9.99
EXT-FILL-00558,1,9.99
EXT-FILL-00559,1,9.99
EXT-FILL-00560,1,9.99
EXT-FILL-00561,1,9.99
EXT-FILL-00562,1,9.99
EXT-FILL-00563,1,9.99
EXT-FILL-00564,1,9.99
EXT-FILL-00565,1,9.99
EXT-FILL-00566,1,9.99
EXT-FILL-00567,1,9.99
EXT-FILL-00568,1,9.99
EXT-FILL-00569,1,9.99
EXT-FILL-00570,1,9.99
EXT-FILL-00571,1,9.99
EXT-FILL-00572,1,9.99
EXT-FILL-00573,1,9.99
EXT-FILL-00574,1,9.99
EXT-FILL-00575,1,9.99
EXT-FILL-00576,1,9.99
EXT-FILL-00577,1,9.99
EXT-FILL-00578,1,9.99
EXT-FILL-00579,1,9.99
EXT-FILL-00580,1,9.99
EXT-FILL-00581,1,9.99
EXT-FILL-00582,1,9.99
EXT-FILL-00583,1,9.99
EXT-FILL-00584,1,9.99
EXT-FILL-00585,1,9.99
EXT-FILL-00586,1,9.99
EXT-FILL-00587,1,9.99
EXT-FILL-00588,1,9.99
EXT-FILL-00589,1,9.99
EXT-FILL-00590,1,9.99
EXT-FILL-00591,1,9.99
,,
EXT-FILL-00592,1,9.99
EXT-FILL-00593,1,9.99
EXT-FILL-00594,1,9.99
EXT-FILL-00595,1,9.99
EXT-FILL-00596,1,9.99
EXT-FILL-00597,1,9.99
EXT-FILL-00598,1,9.99
EXT-FILL-00599,1,9.99
EXT-FILL-00600,1,9.99
EXT-FILL-00601,1,9.99
EXT-FILL-00602,1,9.99
EXT-FILL-00603,1,9.99
EXT-FILL-00604,1,9.99
EXT-FILL-00605,1,9.99
EXT-FILL-00606,1,9.99
EXT-FILL-00607,1,9.99
EXT-FILL-00608,1,9.99
EXT-FILL-00609,1,9.99
EXT-FILL-00610,1,9.99
EXT-FILL-00611,1,9.99
EXT-FILL-00612,1,9.99
EXT-FILL-00613,1,9.99
EXT-FILL-00614,1,9.99
EXT-FILL-00615,1,9.99
EXT-FILL-00616,1,9.99
EXT-FILL-00617,1,9.99
EXT-FILL-00618,1,9.99
EXT-FILL-00619,1,9.99
EXT-FILL-00620,1,9.99
EXT-FILL-00621,1,9.99
EXT-FILL-00622,1,9.99
EXT-FILL-00623,1,9.99
EXT-FILL-00624,1,9.99
EXT-FILL-00625,1,9.99
EXT-FILL-00626,1,9.99
EXT-FILL-00627,1,9.99
EXT-FILL-00628,1,9.99
EXT-FILL-00629,1,9.99
EXT-FILL-00630,1,9.99
EXT-FILL-00631,1,9.99
EXT-FILL-00632,1,9.99
EXT-FILL-00633,1,9.99
EXT-FILL-00634,1,9.99
EXT-FILL-00635,1,9.99
EXT-FILL-00636,1,9.99
EXT-FILL-00637,1,9.99
EXT-FILL-00638,1,9.99
EXT-FILL-00639,1,9.99
EXT-FILL-00640,1,9.99
EXT-FILL-00641,1,9.99
EXT-FILL-00642,1,9.99
EXT-FILL-00643,1,9.99
EXT-FILL-00644,1,9.99
EXT-FILL-00645,1,9.99
EXT-FILL-00646,1,9.99
EXT-FILL-00647,1,9.99
EXT-FILL-00648,1,9.99
EXT-FILL-00649,1,9.99
EXT-FILL-00650,1,9.99
EXT-FILL-00651,1,9.99
EXT-FILL-00652,1,9.99
EXT-FILL-00653,1,9.99
EXT-FILL-00654,1,9.99
EXT-FILL-00655,1,9.99
EXT-FILL-00656,1,9.99
EXT-FILL-00657,1,9.99
EXT-FILL-00658,1,9.99
EXT-FILL-00659,1,9.99
EXT-FILL-00660,1,9.99
EXT-FILL-00661,1,9.99
EXT-FILL-00662,1,9.99
EXT-FILL-00663,1,9.99
EXT-FILL-00664,1,9.99
EXT-FILL-00665,1,9.99
EXT-FILL-00666,1,9.99
EXT-FILL-00667,1,9.99
EXT-FILL-00668,1,9.99
EXT-FILL-00669,1,9.99
EXT-FILL-00670,1,9.99
EXT-FILL-00671,1,9.99
EXT-FILL-00672,1,9.99
EXT-FILL-00673,1,9.99
EXT-FILL-00674,1,9.99
EXT-FILL-00675,1,9.99
EXT-FILL-00676,1,9.99
EXT-FILL-00677,1,9.99
EXT-FILL-00678,1,9.99
EXT-FILL-00679,1,9.99
EXT-FILL-00680,1,9.99
EXT-FILL-00681,1,9.99
EXT-FILL-00682,1,9.99
EXT-FILL-00683,1,9.99
EXT-FILL-00684,1,9.99
EXT-FILL-00685,1,9.99
EXT-FILL-00686,1,9.99
EXT-FILL-00687,1,9.99
EXT-FILL-00688,1,9.99
EXT-FILL-00689,1,9.99
EXT-FILL-00690,1,9.99
EXT-FILL-00691,1,9.99
EXT-FILL-00692,1,9.99
EXT-FILL-00693,1,9.99
EXT-FILL-00694,1,9.99
EXT-FILL-00695,1,9.99
EXT-FILL-00696,1,9.99
EXT-FILL-00697,1,9.99
EXT-FILL-00698,1,9.99
EXT-FILL-00699,1,9.99
EXT-FILL-00700,1,9.99
EXT-FILL-00701,1,9.99
EXT-FILL-00702,1,9.99
EXT-FILL-00703,1,9.99
EXT-FILL-00704,1,9.99
EXT-FILL-00705,1,9.99
EXT-FILL-00706,1,9.99
EXT-FILL-00707,1,9.99
EXT-FILL-00708,1,9.99
EXT-FILL-00709,1,9.99
EXT-FILL-00710,1,9.99
EXT-FILL-00711,1,9.99
EXT-FILL-00712,1,9.99
EXT-FILL-00713,1,9.99
EXT-FILL-00714,1,9.99
EXT-FILL-00715,1,9.99
EXT-FILL-00716,1,9.99
EXT-FILL-00717,1,9.99
EXT-FILL-00718,1,9.99
EXT-FILL-00719,1,9.99
EXT-FILL-00720,1,9.99
EXT-FILL-00721,1,9.99
EXT-FILL-00722,1,9.99
EXT-FILL-00723,1,9.99
EXT-FILL-00724,1,9.99
EXT-FILL-00725,1,9.99
EXT-FILL-00726,1,9.99
EXT-FILL-00727,1,9.99
EXT-FILL-00728,1,9.99
EXT-FILL-00729,1,9.99
EXT-FILL-00730,1,9.99
EXT-FILL-00731,1,9.99
EXT-FILL-00732,1,9.99
EXT-FILL-00733,1,9.99
EXT-FILL-00734,1,9.99
EXT-FILL-00735,1,9.99
EXT-FILL-00736,1,9.99
EXT-FILL-00737,1,9.99
EXT-FILL-00738,1,9.99
EXT-FILL-00739,1,9.99
EXT-FILL-00740,1,9.99
EXT-FILL-00741,1,9.99
EXT-FILL-00742,1,9.99
EXT-FILL-00743,1,9.99
EXT-FILL-00744,1,9.99
EXT-FILL-00745,1,9.99
EXT-FILL-00746,1,9.99
EXT-FILL-00747,1,9.99
EXT-FILL-00748,1,9.99
EXT-FILL-00749,1,9.99
EXT-FILL-00750,1,9.99
EXT-FILL-00751,1,9.99
EXT-FILL-00752,1,9.99
EXT-FILL-00753,1,9.99
EXT-FILL-00754,1,9.99
EXT-FILL-00755,1,9.99
EXT-FILL-00756,1,9.99
EXT-FILL-00757,1,9.99
EXT-FILL-00758,1,9.99
EXT-FILL-00759,1,9.99
EXT-FILL-00760,1,9.99
EXT-FILL-00761,1,9.99
EXT-FILL-00762,1,9.99
EXT-FILL-00763,1,9.99
EXT-FILL-00764,1,9.99
EXT-FILL-00765,1,9.99
EXT-FILL-00766,1,9.99
EXT-FILL-00767,1,9.99
EXT-FILL-00768,1,9.99
EXT-FILL-00769,1,9.99
EXT-FILL-00770,1,9.99
EXT-FILL-00771,1,9.99
EXT-FILL-00772,1,9.99
EXT-FILL-00773,1,9.99
EXT-FILL-00774,1,9.99
EXT-FILL-00775,1,9.99
EXT-FILL-00776,1,9.99
EXT-FILL-00777,1,9.99
EXT-FILL-00778,1,9.99
EXT-FILL-00779,1,9.99
EXT-FILL-00780,1,9.99
EXT-FILL-00781,1,9.99
EXT-FILL-00782,1,9.99
EXT-FILL-00783,1,9.99
EXT-FILL-00784,1,9.99
EXT-FILL-00785,1,9.99
EXT-FILL-00786,1,9.99
EXT-FILL-00787,1,9.99
EXT-FILL-00788,1,9.99
EXT-FILL-00789,1,9.99
EXT-FILL-00790,1,9.99
EXT-FILL-00791,1,9.99
EXT-FILL-00792,1,9.99
EXT-FILL-00793,1,9.99
EXT-FILL-00794,1,9.99
EXT-FILL-00795,1,9.99
EXT-FILL-00796,1,9.99
EXT-FILL-00797,1,9.99
EXT-FILL-00798,1,9.99
EXT-FILL-00799,1,9.99
EXT-FILL-00800,1,9.99
EXT-FILL-00801,1,9.99
EXT-FILL-00802,1,9.99
EXT-FILL-00803,1,9.99
EXT-FILL-00804,1,9.99
EXT-FILL-00805,1,9.99
EXT-FILL-00806,1,9.99
EXT-FILL-00807,1,9.99
EXT-FILL-00808,1,9.99
EXT-FILL-00809,1,9.99
EXT-FILL-00810,1,9.99
EXT-FILL-00811,1,9.99
EXT-FILL-00812,1,9.99
EXT-FILL-00813,1,9.99
EXT-FILL-00814,1,9.99
EXT-FILL-00815,1,9.99
EXT-FILL-00816,1,9.99
EXT-FILL-00817,1,9.99
EXT-FILL-00818,1,9.99
EXT-FILL-00819,1,9.99
EXT-FILL-00820,1,9.99
EXT-FILL-00821,1,9.99
EXT-FILL-00822,1,9.99
EXT-FILL-00823,1,9.99
EXT-FILL-00824,1,9.99
EXT-FILL-00825,1,9.99
EXT-FILL-00826,1,9.99
EXT-FILL-00827,1,9.99
EXT-FILL-00828,1,9.99
EXT-FILL-00829,1,9.99
EXT-FILL-00830,1,9.99
EXT-FILL-00831,1,9.99
EXT-FILL-00832,1,9.99
EXT-FILL-00833,1,9.99
EXT-FILL-00834,1,9.99
EXT-FILL-00835,1,9.99
EXT-FILL-00836,1,9.99
EXT-FILL-00837,1,9.99
EXT-FILL-00838,1,9.99
EXT-FILL-00839,1,9.99
EXT-FILL-00840,1,9.99
EXT-FILL-00841,1,9.99
EXT-FILL-00842,1,9.99
EXT-FILL-00843,1,9.99
EXT-FILL-00844,1,9.99
EXT-FILL-00845,1,9.99
EXT-FILL-00846,1,9.99
EXT-FILL-00847,1,9.99
EXT-FILL-00848,1,9.99
EXT-FILL-00849,1,9.99
EXT-FILL-00850,1,9.99
EXT-FILL-00851,1,9.99
EXT-FILL-00852,1,9.99
EXT-FILL-00853,1,9.99
EXT-FILL-00854,1,9.99
EXT-FILL-00855,1,9.99
EXT-FILL-00856,1,9.99
EXT-FILL-00857,1,9.99
EXT-FILL-00858,1,9.99
EXT-FILL-00859,1,9.99
EXT-FILL-00860,1,9.99
EXT-FILL-00861,1,9.99
EXT-FILL-00862,1,9.99
EXT-FILL-00863,1,9.99
EXT-FILL-00864,1,9.99
EXT-FILL-00865,1,9.99
EXT-FILL-00866,1,9.99
EXT-FILL-00867,1,9.99
EXT-FILL-00868,1,9.99
EXT-FILL-00869,1,9.99
EXT-FILL-00870,1,9.99
EXT-FILL-00871,1,9.99
EXT-FILL-00872,1,9.99
EXT-FILL-00873,1,9.99
EXT-FILL-00874,1,9.99
EXT-FILL-00875,1,9.99
EXT-FILL-00876,1,9.99
EXT-FILL-00877,1,9.99
EXT-FILL-00878,1,9.99
EXT-FILL-00879,1,9.99
EXT-FILL-00880,1,9.99
EXT-FILL-00881,1,9.99
EXT-FILL-00882,1,9.99
EXT-FILL-00883,1,9.99
EXT-FILL-00884,1,9.99
EXT-FILL-00885,1,9.99
EXT-FILL-00886,1,9.99
EXT-FILL-00887,1,9.99
EXT-FILL-00888,1,9.99
EXT-FILL-00889,1,9.99
EXT-FILL-00890,1,9.99
EXT-FILL-00891,1,9.99
EXT-FILL-00892,1,9.99
EXT-FILL-00893,1,9.99
EXT-FILL-00894,1,9.99
EXT-FILL-00895,1,9.99
EXT-FILL-00896,1,9.99
EXT-FILL-00897,1,9.99
EXT-FILL-00898,1,9.99
EXT-FILL-00899,1,9.99
EXT-FILL-00900,1,9.99
EXT-FILL-00901,1,9.99
EXT-FILL-00902,1,9.99
EXT-FILL-00903,1,9.99
EXT-FILL-00904,1,9.99
EXT-FILL-00905,1,9.99
EXT-FILL-00906,1,9.99
EXT-FILL-00907,1,9.99
EXT-FILL-00908,1,9.99
EXT-FILL-00909,1,9.99
EXT-FILL-00910,1,9.99
EXT-FILL-00911,1,9.99
EXT-FILL-00912,1,9.99
EXT-FILL-00913,1,9.99
EXT-FILL-00914,1,9.99
EXT-FILL-00915,1,9.99
EXT-FILL-00916,1,9.99
EXT-FILL-00917,1,9.99
EXT-FILL-00918,1,9.99
EXT-FILL-00919,1,9.99
EXT-FILL-00920,1,9.99
EXT-FILL-00921,1,9.99
EXT-FILL-00922,1,9.99
EXT-FILL-00923,1,9.99
EXT-FILL-00924,1,9.99
EXT-FILL-00925,1,9.99
EXT-FILL-00926,1,9.99
EXT-FILL-00927,1,9.99
EXT-FILL-00928,1,9.99
EXT-FILL-00929,1,9.99
EXT-FILL-00930,1,9.99
EXT-FILL-00931,1,9.99
EXT-FILL-00932,1,9.99
EXT-FILL-00933,1,9.99
EXT-FILL-00934,1,9.99
EXT-FILL-00935,1,9.99
EXT-FILL-00936,1,9.99
EXT-FILL-00937,1,9.99
EXT-FILL-00938,1,9.99
EXT-FILL-00939,1,9.99
EXT-FILL-00940,1,9.99
EXT-FILL-00941,1,9.99
EXT-FILL-00942,1,9.99
EXT-FILL-00943,1,9.99
EXT-FILL-00944,1,9.99
EXT-FILL-00945,1,9.99
EXT-FILL-00946,1,9.99
,,
EXT-FILL-00947,1,9.99
EXT-FILL-00948,1,9.99
EXT-FILL-00949,1,9.99
EXT-FILL-00950,1,9.99
EXT-FILL-00951,1,9.99
EXT-FILL-00952,1,9.99
EXT-FILL-00953,1,9.99
EXT-FILL-00954,1,9.99
EXT-FILL-00955,1,9.99
EXT-FILL-00956,1,9.99
EXT-FILL-00957,1,9.99
EXT-FILL-00958,1,9.99
EXT-FILL-00959,1,9.99
EXT-FILL-00960,1,9.99
EXT-FILL-00961,1,9.99
EXT-FILL-00962,1,9.99
EXT-FILL-00963,1,9.99
EXT-FILL-00964,1,9.99
EXT-FILL-00965,1,9.99
EXT-FILL-00966,1,9.99
EXT-FILL-00967,1,9.99
EXT-FILL-00968,1,9.99
EXT-FILL-00969,1,9.99
EXT-FILL-00970,1,9.99
EXT-FILL-00971,1,9.99
EXT-FILL-00972,1,9.99
EXT-FILL-00973,1,9.99
EXT-FILL-00974,1,9.99
EXT-FILL-00975,1,9.99
EXT-FILL-00976,1,9.99
EXT-FILL-00977,1,9.99
EXT-FILL-00978,1,9.99
EXT-FILL-00979,1,9.99
EXT-FILL-00980,1,9.99
EXT-FILL-00981,1,9.99
EXT-FILL-00982,1,9.99
EXT-FILL-00983,1,9.99
EXT-FILL-00984,1,9.99
EXT-FILL-00985,1,9.99
EXT-FILL-00986,1,9.99
EXT-FILL-00987,1,9.99
EXT-FILL-00988,1,9.99
EXT-FILL-00989,1,9.99
EXT-FILL-00990,1,9.99
EXT-FILL-00991,1,9.99
EXT-FILL-00992,1,9.99
EXT-FILL-00993,1,9.99
EXT-FILL-00994,1,9.99
EXT-FILL-00995,1,9.99
EXT-FILL-00996,1,9.99
EXT-FILL-00997,1,9.99
EXT-FILL-00998,1,9.99
EXT-FILL-00999,1,9.99
EXT-FILL-01000,1,9.99
EXT-FILL-01001,1,9.99
EXT-FILL-01002,1,9.99
EXT-FILL-01003,1,9.99
EXT-FILL-01004,1,9.99
EXT-FILL-01005,1,9.99
EXT-FILL-01006,1,9.99
EXT-FILL-01007,1,9.99
EXT-FILL-01008,1,9.99
EXT-FILL-01009,1,9.99
EXT-FILL-01010,1,9.99
EXT-FILL-01011,1,9.99
EXT-FILL-01012,1,9.99
EXT-FILL-01013,1,9.99
EXT-FILL-01014,1,9.99
EXT-FILL-01015,1,9.99
EXT-FILL-01016,1,9.99
EXT-FILL-01017,1,9.99
EXT-FILL-01018,1,9.99
EXT-FILL-01019,1,9.99
EXT-FILL-01020,1,9.99
EXT-FILL-01021,1,9.99
EXT-FILL-01022,1,9.99
EXT-FILL-01023,1,9.99
EXT-FILL-01024,1,9.99
EXT-FILL-01025,1,9.99
EXT-FILL-01026,1,9.99
EXT-FILL-01027,1,9.99
EXT-FILL-01028,1,9.99
EXT-FILL-01029,1,9.99
EXT-FILL-01030,1,9.99
EXT-FILL-01031,1,9.99
EXT-FILL-01032,1,9.99
EXT-FILL-01033,1,9.99
EXT-FILL-01034,1,9.99
EXT-FILL-01035,1,9.99
EXT-FILL-01036,1,9.99
EXT-FILL-01037,1,9.99
EXT-FILL-01038,1,9.99
EXT-FILL-01039,1,9.99
EXT-FILL-01040,1,9.99
EXT-FILL-01041,1,9.99
EXT-FILL-01042,1,9.99
EXT-FILL-01043,1,9.99
EXT-FILL-01044,1,9.99
EXT-FILL-01045,1,9.99
EXT-FILL-01046,1,9.99
EXT-FILL-01047,1,9.99
EXT-FILL-01048,1,9.99
EXT-FILL-01049,1,9.99
EXT-FILL-01050,1,9.99
EXT-FILL-01051,1,9.99
EXT-FILL-01052,1,9.99
EXT-FILL-01053,1,9.99
EXT-FILL-01054,1,9.99
EXT-FILL-01055,1,9.99
EXT-FILL-01056,1,9.99
EXT-FILL-01057,1,9.99
EXT-FILL-01058,1,9.99
EXT-FILL-01059,1,9.99
EXT-FILL-01060,1,9.99
EXT-FILL-01061,1,9.99
EXT-FILL-01062,1,9.99
EXT-FILL-01063,1,9.99
EXT-FILL-01064,1,9.99
EXT-FILL-01065,1,9.99
EXT-FILL-01066,1,9.99
EXT-FILL-01067,1,9.99
EXT-FILL-01068,1,9.99
EXT-FILL-01069,1,9.99
EXT-FILL-01070,1,9.99
EXT-FILL-01071,1,9.99
EXT-FILL-01072,1,9.99
EXT-FILL-01073,1,9.99
EXT-FILL-01074,1,9.99
EXT-FILL-01075,1,9.99
EXT-FILL-01076,1,9.99
EXT-FILL-01077,1,9.99
EXT-FILL-01078,1,9.99
EXT-FILL-01079,1,9.99
EXT-FILL-01080,1,9.99
EXT-FILL-01081,1,9.99
EXT-FILL-01082,1,9.99
EXT-FILL-01083,1,9.99
EXT-FILL-01084,1,9.99
EXT-FILL-01085,1,9.99
EXT-FILL-01086,1,9.99
EXT-FILL-01087,1,9.99
EXT-FILL-01088,1,9.99
EXT-FILL-01089,1,9.99
EXT-FILL-01090,1,9.99
EXT-FILL-01091,1,9.99
EXT-FILL-01092,1,9.99
EXT-FILL-01093,1,9.99
EXT-FILL-01094,1,9.99
EXT-FILL-01095,1,9.99
EXT-FILL-01096,1,9.99
EXT-FILL-01097,1,9.99
EXT-FILL-01098,1,9.99
EXT-FILL-01099,1,9.99
EXT-FILL-01100,1,9.99
EXT-FILL-01101,1,9.99
EXT-FILL-01102,1,9.99
EXT-FILL-01103,1,9.99
EXT-FILL-01104,1,9.99
EXT-FILL-01105,1,9.99
EXT-FILL-01106,1,9.99
EXT-FILL-01107,1,9.99
EXT-FILL-01108,1,9.99
EXT-FILL-01109,1,9.99
EXT-FILL-01110,1,9.99
EXT-FILL-01111,1,9.99
EXT-FILL-01112,1,9.99
EXT-FILL-01113,1,9.99
EXT-FILL-01114,1,9.99
EXT-FILL-01115,1,9.99
EXT-FILL-01116,1,9.99
EXT-FILL-01117,1,9.99
EXT-FILL-01118,1,9.99
EXT-FILL-01119,1,9.99
EXT-FILL-01120,1,9.99
EXT-FILL-01121,1,9.99
EXT-FILL-01122,1,9.99
EXT-FILL-01123,1,9.99
EXT-FILL-01124,1,9.99
EXT-FILL-01125,1,9.99
EXT-FILL-01126,1,9.99
EXT-FILL-01127,1,9.99
EXT-FILL-01128,1,9.99
EXT-FILL-01129,1,9.99
EXT-FILL-01130,1,9.99
EXT-FILL-01131,1,9.99
EXT-FILL-01132,1,9.99
EXT-FILL-01133,1,9.99
EXT-FILL-01134,1,9.99
EXT-FILL-01135,1,9.99
EXT-FILL-01136,1,9.99
EXT-FILL-01137,1,9.99
EXT-FILL-01138,1,9.99
EXT-FILL-01139,1,9.99
EXT-FILL-01140,1,9.99
EXT-FILL-01141,1,9.99
EXT-FILL-01142,1,9.99
EXT-FILL-01143,1,9.99
EXT-FILL-01144,1,9.99
EXT-FILL-01145,1,9.99
EXT-FILL-01146,1,9.99
EXT-FILL-01147,1,9.99
EXT-FILL-01148,1,9.99
EXT-FILL-01149,1,9.99
EXT-FILL-01150,1,9.99
EXT-FILL-01151,1,9.99
EXT-FILL-01152,1,9.99
EXT-FILL-01153,1,9.99
EXT-FILL-01154,1,9.99
EXT-FILL-01155,1,9.99
EXT-FILL-01156,1,9.99
EXT-FILL-01157,1,9.99
EXT-FILL-01158,1,9.99
EXT-FILL-01159,1,9.99
EXT-FILL-01160,1,9.99
EXT-FILL-01161,1,9.99
EXT-FILL-01162,1,9.99
EXT-FILL-01163,1,9.99
EXT-FILL-01164,1,9.99
EXT-FILL-01165,1,9.99
EXT-FILL-01166,1,9.99
EXT-FILL-01167,1,9.99
EXT-FILL-01168,1,9.99
EXT-FILL-01169,1,9.99
EXT-FILL-01170,1,9.99
EXT-FILL-01171,1,9.99
EXT-FILL-01172,1,9.99
EXT-FILL-01173,1,9.99
EXT-FILL-01174,1,9.99
EXT-FILL-01175,1,9.99
EXT-FILL-01176,1,9.99
EXT-FILL-01177,1,9.99
EXT-FILL-01178,1,9.99
EXT-FILL-01179,1,9.99
EXT-FILL-01180,1,9.99
EXT-FILL-01181,1,9.99
,,
EXT-FILL-01182,1,9.99
EXT-FILL-01183,1,9.99
EXT-FILL-01184,1,9.99
EXT-FILL-01185,1,9.99
EXT-FILL-01186,1,9.99
,,
EXT-FILL-01187,1,9.99
EXT-FILL-01188,1,9.99
EXT-FILL-01189,1,9.99
EXT-FILL-01190,1,9.99
EXT-FILL-01191,1,9.99
EXT-FILL-01192,1,9.99
EXT-FILL-01193,1,9.99
EXT-FILL-01194,1,9.99
EXT-FILL-01195,1,9.99
,,
EXT-FILL-01196,1,9.99
EXT-FILL-01197,1,9.99
EXT-FILL-01198,1,9.99
EXT-FILL-01199,1,9.99
EXT-FILL-01200,1,9.99
EXT-FILL-01201,1,9.99
EXT-FILL-01202,1,9.99
EXT-FILL-01203,1,9.99
EXT-FILL-01204,1,9.99
EXT-FILL-01205,1,9.99
EXT-FILL-01206,1,9.99
EXT-FILL-01207,1,9.99
EXT-FILL-01208,1,9.99
EXT-FILL-01209,1,9.99
EXT-FILL-01210,1,9.99
EXT-FILL-01211,1,9.99
EXT-FILL-01212,1,9.99
EXT-FILL-01213,1,9.99
EXT-FILL-01214,1,9.99
EXT-FILL-01215,1,9.99
EXT-FILL-01216,1,9.99
EXT-FILL-01217,1,9.99
EXT-FILL-01218,1,9.99
EXT-FILL-01219,1,9.99
EXT-FILL-01220,1,9.99
EXT-FILL-01221,1,9.99
EXT-FILL-01222,1,9.99
EXT-FILL-01223,1,9.99
EXT-FILL-01224,1,9.99
EXT-FILL-01225,1,9.99
EXT-FILL-01226,1,9.99
EXT-FILL-01227,1,9.99
EXT-FILL-01228,1,9.99
EXT-FILL-01229,1,9.99
